y,x,iterations,success_rate,avg_iterations,max_iterations,log2_y,sqrt_y
11,6,1,0.9,2.00,4,3.459,3.317
11,4,1,0.9,2.00,4,3.459,3.317
11,6,1,0.9,2.00,4,3.459,3.317
11,5,2,0.9,2.00,4,3.459,3.317
11,9,3,0.9,2.00,4,3.459,3.317
11,4,1,0.9,2.00,4,3.459,3.317
11,7,2,0.9,2.00,4,3.459,3.317
11,2,1,0.9,2.00,4,3.459,3.317
11,8,3,0.9,2.00,4,3.459,3.317
11,3,1,0.9,2.00,4,3.459,3.317
11,4,1,0.9,2.00,4,3.459,3.317
11,5,2,0.9,2.00,4,3.459,3.317
11,8,3,0.9,2.00,4,3.459,3.317
11,9,3,0.9,2.00,4,3.459,3.317
11,10,4,0.9,2.00,4,3.459,3.317
11,8,3,0.9,2.00,4,3.459,3.317
11,4,1,0.9,2.00,4,3.459,3.317
11,9,3,0.9,2.00,4,3.459,3.317
13,8,3,0.8,2.69,5,3.700,3.606
13,3,2,0.8,2.69,5,3.700,3.606
13,9,3,0.8,2.69,5,3.700,3.606
13,3,2,0.8,2.69,5,3.700,3.606
13,6,3,0.8,2.69,5,3.700,3.606
13,10,2,0.8,2.69,5,3.700,3.606
13,8,3,0.8,2.69,5,3.700,3.606
13,5,2,0.8,2.69,5,3.700,3.606
13,8,3,0.8,2.69,5,3.700,3.606
13,6,3,0.8,2.69,5,3.700,3.606
13,12,5,0.8,2.69,5,3.700,3.606
13,7,1,0.8,2.69,5,3.700,3.606
13,5,2,0.8,2.69,5,3.700,3.606
13,9,3,0.8,2.69,5,3.700,3.606
13,10,2,0.8,2.69,5,3.700,3.606
13,11,4,0.8,2.69,5,3.700,3.606
14,3,1,0.05,1.00,1,3.807,3.742
15,2,1,0.2,1.00,1,3.907,3.873
15,4,1,0.2,1.00,1,3.907,3.873
15,2,1,0.2,1.00,1,3.907,3.873
15,2,1,0.2,1.00,1,3.907,3.873
17,14,4,0.95,2.79,4,4.087,4.123
17,2,1,0.95,2.79,4,4.087,4.123
17,16,4,0.95,2.79,4,4.087,4.123
17,13,2,0.95,2.79,4,4.087,4.123
17,16,4,0.95,2.79,4,4.087,4.123
17,2,1,0.95,2.79,4,4.087,4.123
17,3,1,0.95,2.79,4,4.087,4.123
17,15,3,0.95,2.79,4,4.087,4.123
17,7,3,0.95,2.79,4,4.087,4.123
17,16,4,0.95,2.79,4,4.087,4.123
17,16,4,0.95,2.79,4,4.087,4.123
17,8,4,0.95,2.79,4,4.087,4.123
17,14,4,0.95,2.79,4,4.087,4.123
17,13,2,0.95,2.79,4,4.087,4.123
17,5,2,0.95,2.79,4,4.087,4.123
17,2,1,0.95,2.79,4,4.087,4.123
17,4,2,0.95,2.79,4,4.087,4.123
17,8,4,0.95,2.79,4,4.087,4.123
17,11,3,0.95,2.79,4,4.087,4.123
19,3,2,0.85,2.24,4,4.248,4.359
19,10,1,0.85,2.24,4,4.248,4.359
19,3,2,0.85,2.24,4,4.248,4.359
19,5,1,0.85,2.24,4,4.248,4.359
19,4,1,0.85,2.24,4,4.248,4.359
19,7,2,0.85,2.24,4,4.248,4.359
19,16,4,0.85,2.24,4,4.248,4.359
19,16,4,0.85,2.24,4,4.248,4.359
19,10,1,0.85,2.24,4,4.248,4.359
19,6,2,0.85,2.24,4,4.248,4.359
19,13,3,0.85,2.24,4,4.248,4.359
19,11,3,0.85,2.24,4,4.248,4.359
19,8,2,0.85,2.24,4,4.248,4.359
19,11,3,0.85,2.24,4,4.248,4.359
19,13,3,0.85,2.24,4,4.248,4.359
19,3,2,0.85,2.24,4,4.248,4.359
19,12,2,0.85,2.24,4,4.248,4.359
20,3,1,0.1,1.50,2,4.322,4.472
20,9,2,0.1,1.50,2,4.322,4.472
21,2,1,0.3,1.67,2,4.392,4.583
21,16,2,0.3,1.67,2,4.392,4.583
21,16,2,0.3,1.67,2,4.392,4.583
21,16,2,0.3,1.67,2,4.392,4.583
21,2,1,0.3,1.67,2,4.392,4.583
21,16,2,0.3,1.67,2,4.392,4.583
23,9,2,0.9,3.33,7,4.524,4.796
23,4,1,0.9,3.33,7,4.524,4.796
23,17,6,0.9,3.33,7,4.524,4.796
23,15,4,0.9,3.33,7,4.524,4.796
23,18,3,0.9,3.33,7,4.524,4.796
23,20,7,0.9,3.33,7,4.524,4.796
23,11,5,0.9,3.33,7,4.524,4.796
23,7,3,0.9,3.33,7,4.524,4.796
23,12,1,0.9,3.33,7,4.524,4.796
23,9,2,0.9,3.33,7,4.524,4.796
23,12,1,0.9,3.33,7,4.524,4.796
23,11,5,0.9,3.33,7,4.524,4.796
23,3,1,0.9,3.33,7,4.524,4.796
23,7,3,0.9,3.33,7,4.524,4.796
23,20,7,0.9,3.33,7,4.524,4.796
23,16,3,0.9,3.33,7,4.524,4.796
23,16,3,0.9,3.33,7,4.524,4.796
23,18,3,0.9,3.33,7,4.524,4.796
24,5,1,0.05,1.00,1,4.585,4.899
25,3,2,0.7,3.21,4,4.644,5.000
25,21,4,0.7,3.21,4,4.644,5.000
25,13,1,0.7,3.21,4,4.644,5.000
25,16,4,0.7,3.21,4,4.644,5.000
25,22,3,0.7,3.21,4,4.644,5.000
25,21,4,0.7,3.21,4,4.644,5.000
25,21,4,0.7,3.21,4,4.644,5.000
25,9,2,0.7,3.21,4,4.644,5.000
25,22,3,0.7,3.21,4,4.644,5.000
25,8,4,0.7,3.21,4,4.644,5.000
25,17,3,0.7,3.21,4,4.644,5.000
25,22,3,0.7,3.21,4,4.644,5.000
25,8,4,0.7,3.21,4,4.644,5.000
25,16,4,0.7,3.21,4,4.644,5.000
26,9,1,0.1,1.00,1,4.700,5.099
26,3,1,0.1,1.00,1,4.700,5.099
27,17,2,0.3,1.33,2,4.755,5.196
27,14,1,0.3,1.33,2,4.755,5.196
27,7,1,0.3,1.33,2,4.755,5.196
27,7,1,0.3,1.33,2,4.755,5.196
27,17,2,0.3,1.33,2,4.755,5.196
27,14,1,0.3,1.33,2,4.755,5.196
29,4,2,0.95,2.95,6,4.858,5.385
29,22,2,0.95,2.95,6,4.858,5.385
29,23,3,0.95,2.95,6,4.858,5.385
29,21,3,0.95,2.95,6,4.858,5.385
29,16,2,0.95,2.95,6,4.858,5.385
29,28,6,0.95,2.95,6,4.858,5.385
29,25,4,0.95,2.95,6,4.858,5.385
29,27,5,0.95,2.95,6,4.858,5.385
29,13,2,0.95,2.95,6,4.858,5.385
29,13,2,0.95,2.95,6,4.858,5.385
29,5,1,0.95,2.95,6,4.858,5.385
29,9,3,0.95,2.95,6,4.858,5.385
29,27,5,0.95,2.95,6,4.858,5.385
29,13,2,0.95,2.95,6,4.858,5.385
29,10,1,0.95,2.95,6,4.858,5.385
29,26,4,0.95,2.95,6,4.858,5.385
29,27,5,0.95,2.95,6,4.858,5.385
29,7,2,0.95,2.95,6,4.858,5.385
29,16,2,0.95,2.95,6,4.858,5.385
31,24,4,1,3.55,8,4.954,5.568
31,16,1,1,3.55,8,4.954,5.568
31,30,8,1,3.55,8,4.954,5.568
31,8,1,1,3.55,8,4.954,5.568
31,14,3,1,3.55,8,4.954,5.568
31,25,4,1,3.55,8,4.954,5.568
31,28,5,1,3.55,8,4.954,5.568
31,18,3,1,3.55,8,4.954,5.568
31,14,3,1,3.55,8,4.954,5.568
31,19,3,1,3.55,8,4.954,5.568
31,12,3,1,3.55,8,4.954,5.568
31,27,6,1,3.55,8,4.954,5.568
31,30,8,1,3.55,8,4.954,5.568
31,6,3,1,3.55,8,4.954,5.568
31,11,2,1,3.55,8,4.954,5.568
31,18,3,1,3.55,8,4.954,5.568
31,20,4,1,3.55,8,4.954,5.568
31,16,1,1,3.55,8,4.954,5.568
31,5,2,1,3.55,8,4.954,5.568
31,25,4,1,3.55,8,4.954,5.568
32,3,1,0.15,2.00,4,5.000,5.657
32,15,4,0.15,2.00,4,5.000,5.657
32,11,1,0.15,2.00,4,5.000,5.657
33,8,3,0.35,2.86,5,5.044,5.745
33,32,5,0.35,2.86,5,5.044,5.745
33,5,2,0.35,2.86,5,5.044,5.745
33,2,1,0.35,2.86,5,5.044,5.745
33,29,3,0.35,2.86,5,5.044,5.745
33,5,2,0.35,2.86,5,5.044,5.745
33,31,4,0.35,2.86,5,5.044,5.745
34,13,2,0.1,2.00,2,5.087,5.831
34,13,2,0.1,2.00,2,5.087,5.831
35,4,1,0.65,2.46,5,5.129,5.916
35,9,1,0.65,2.46,5,5.129,5.916
35,12,1,0.65,2.46,5,5.129,5.916
35,33,5,0.65,2.46,5,5.129,5.916
35,4,1,0.65,2.46,5,5.129,5.916
35,2,1,0.65,2.46,5,5.129,5.916
35,32,5,0.65,2.46,5,5.129,5.916
35,17,4,0.65,2.46,5,5.129,5.916
35,12,1,0.65,2.46,5,5.129,5.916
35,23,3,0.65,2.46,5,5.129,5.916
35,22,2,0.65,2.46,5,5.129,5.916
35,33,5,0.65,2.46,5,5.129,5.916
35,22,2,0.65,2.46,5,5.129,5.916
37,28,2,0.95,4.37,8,5.209,6.083
37,18,6,0.95,4.37,8,5.209,6.083
37,23,5,0.95,4.37,8,5.209,6.083
37,26,5,0.95,4.37,8,5.209,6.083
37,31,4,0.95,4.37,8,5.209,6.083
37,20,3,0.95,4.37,8,5.209,6.083
37,36,8,0.95,4.37,8,5.209,6.083
37,34,5,0.95,4.37,8,5.209,6.083
37,6,4,0.95,4.37,8,5.209,6.083
37,19,1,0.95,4.37,8,5.209,6.083
37,29,5,0.95,4.37,8,5.209,6.083
37,28,2,0.95,4.37,8,5.209,6.083
37,22,5,0.95,4.37,8,5.209,6.083
37,21,4,0.95,4.37,8,5.209,6.083
37,31,4,0.95,4.37,8,5.209,6.083
37,17,5,0.95,4.37,8,5.209,6.083
37,25,3,0.95,4.37,8,5.209,6.083
37,12,6,0.95,4.37,8,5.209,6.083
37,12,6,0.95,4.37,8,5.209,6.083
38,13,1,0.05,1.00,1,5.248,6.164
39,4,1,0.25,1.00,1,5.285,6.245
39,8,1,0.25,1.00,1,5.285,6.245
39,5,1,0.25,1.00,1,5.285,6.245
39,8,1,0.25,1.00,1,5.285,6.245
39,8,1,0.25,1.00,1,5.285,6.245
41,33,5,1,2.80,8,5.358,6.403
41,3,1,1,2.80,8,5.358,6.403
41,22,2,1,2.80,8,5.358,6.403
41,9,3,1,2.80,8,5.358,6.403
41,34,5,1,2.80,8,5.358,6.403
41,21,1,1,2.80,8,5.358,6.403
41,3,1,1,2.80,8,5.358,6.403
41,31,2,1,2.80,8,5.358,6.403
41,24,2,1,2.80,8,5.358,6.403
41,9,3,1,2.80,8,5.358,6.403
41,2,1,1,2.80,8,5.358,6.403
41,26,3,1,2.80,8,5.358,6.403
41,3,1,1,2.80,8,5.358,6.403
41,3,1,1,2.80,8,5.358,6.403
41,32,5,1,2.80,8,5.358,6.403
41,28,4,1,2.80,8,5.358,6.403
41,27,4,1,2.80,8,5.358,6.403
41,11,2,1,2.80,8,5.358,6.403
41,40,8,1,2.80,8,5.358,6.403
41,24,2,1,2.80,8,5.358,6.403
43,19,5,0.9,3.61,8,5.426,6.557
43,40,8,0.9,3.61,8,5.426,6.557
43,7,4,0.9,3.61,8,5.426,6.557
43,7,4,0.9,3.61,8,5.426,6.557
43,26,3,0.9,3.61,8,5.426,6.557
43,3,2,0.9,3.61,8,5.426,6.557
43,15,2,0.9,3.61,8,5.426,6.557
43,11,1,0.9,3.61,8,5.426,6.557
43,24,3,0.9,3.61,8,5.426,6.557
43,19,5,0.9,3.61,8,5.426,6.557
43,20,5,0.9,3.61,8,5.426,6.557
43,35,3,0.9,3.61,8,5.426,6.557
43,18,2,0.9,3.61,8,5.426,6.557
43,8,3,0.9,3.61,8,5.426,6.557
43,7,4,0.9,3.61,8,5.426,6.557
43,5,2,0.9,3.61,8,5.426,6.557
43,7,4,0.9,3.61,8,5.426,6.557
43,20,5,0.9,3.61,8,5.426,6.557
44,17,3,0.15,1.67,3,5.459,6.633
44,3,1,0.15,1.67,3,5.459,6.633
44,9,1,0.15,1.67,3,5.459,6.633
45,23,1,0.1,1.00,1,5.492,6.708
45,2,1,0.1,1.00,1,5.492,6.708
47,33,4,1,3.05,8,5.555,6.856
47,45,8,1,3.05,8,5.555,6.856
47,6,1,1,3.05,8,5.555,6.856
47,10,2,1,3.05,8,5.555,6.856
47,10,2,1,3.05,8,5.555,6.856
47,3,1,1,3.05,8,5.555,6.856
47,4,1,1,3.05,8,5.555,6.856
47,26,3,1,3.05,8,5.555,6.856
47,7,2,1,3.05,8,5.555,6.856
47,5,2,1,3.05,8,5.555,6.856
47,12,1,1,3.05,8,5.555,6.856
47,15,4,1,3.05,8,5.555,6.856
47,20,4,1,3.05,8,5.555,6.856
47,20,4,1,3.05,8,5.555,6.856
47,38,4,1,3.05,8,5.555,6.856
47,17,2,1,3.05,8,5.555,6.856
47,14,4,1,3.05,8,5.555,6.856
47,2,1,1,3.05,8,5.555,6.856
47,30,4,1,3.05,8,5.555,6.856
47,41,7,1,3.05,8,5.555,6.856
48,11,2,0.1,2.00,2,5.585,6.928
48,11,2,0.1,2.00,2,5.585,6.928
49,37,2,0.85,3.65,7,5.615,7.000
49,47,6,0.85,3.65,7,5.615,7.000
49,5,1,0.85,3.65,7,5.615,7.000
49,48,7,0.85,3.65,7,5.615,7.000
49,3,2,0.85,3.65,7,5.615,7.000
49,15,4,0.85,3.65,7,5.615,7.000
49,27,2,0.85,3.65,7,5.615,7.000
49,48,7,0.85,3.65,7,5.615,7.000
49,13,3,0.85,3.65,7,5.615,7.000
49,20,4,0.85,3.65,7,5.615,7.000
49,43,3,0.85,3.65,7,5.615,7.000
49,10,1,0.85,3.65,7,5.615,7.000
49,23,5,0.85,3.65,7,5.615,7.000
49,43,3,0.85,3.65,7,5.615,7.000
49,44,5,0.85,3.65,7,5.615,7.000
49,38,3,0.85,3.65,7,5.615,7.000
49,39,4,0.85,3.65,7,5.615,7.000
51,16,2,0.4,2.50,5,5.672,7.141
51,16,2,0.4,2.50,5,5.672,7.141
51,13,1,0.4,2.50,5,5.672,7.141
51,31,3,0.4,2.50,5,5.672,7.141
51,4,1,0.4,2.50,5,5.672,7.141
51,31,3,0.4,2.50,5,5.672,7.141
51,31,3,0.4,2.50,5,5.672,7.141
51,40,5,0.4,2.50,5,5.672,7.141
53,9,1,1,3.85,9,5.728,7.280
53,16,3,1,3.85,9,5.728,7.280
53,14,2,1,3.85,9,5.728,7.280
53,52,9,1,3.85,9,5.728,7.280
53,33,5,1,3.85,9,5.728,7.280
53,27,1,1,3.85,9,5.728,7.280
53,4,2,1,3.85,9,5.728,7.280
53,38,5,1,3.85,9,5.728,7.280
53,49,7,1,3.85,9,5.728,7.280
53,5,2,1,3.85,9,5.728,7.280
53,10,3,1,3.85,9,5.728,7.280
53,23,4,1,3.85,9,5.728,7.280
53,2,1,1,3.85,9,5.728,7.280
53,36,4,1,3.85,9,5.728,7.280
53,25,6,1,3.85,9,5.728,7.280
53,34,4,1,3.85,9,5.728,7.280
53,46,8,1,3.85,9,5.728,7.280
53,36,4,1,3.85,9,5.728,7.280
53,40,2,1,3.85,9,5.728,7.280
53,21,4,1,3.85,9,5.728,7.280
55,47,4,0.65,4.08,7,5.781,7.416
55,48,6,0.65,4.08,7,5.781,7.416
55,54,7,0.65,4.08,7,5.781,7.416
55,48,6,0.65,4.08,7,5.781,7.416
55,47,4,0.65,4.08,7,5.781,7.416
55,21,2,0.65,4.08,7,5.781,7.416
55,48,6,0.65,4.08,7,5.781,7.416
55,4,1,0.65,4.08,7,5.781,7.416
55,26,3,0.65,4.08,7,5.781,7.416
55,37,3,0.65,4.08,7,5.781,7.416
55,4,1,0.65,4.08,7,5.781,7.416
55,16,3,0.65,4.08,7,5.781,7.416
55,54,7,0.65,4.08,7,5.781,7.416
56,27,3,0.1,2.50,3,5.807,7.483
56,25,2,0.1,2.50,3,5.807,7.483
57,2,1,0.1,1.00,1,5.833,7.550
57,2,1,0.1,1.00,1,5.833,7.550
59,10,1,1,3.85,9,5.883,7.681
59,3,1,1,3.85,9,5.883,7.681
59,56,7,1,3.85,9,5.883,7.681
59,14,4,1,3.85,9,5.883,7.681
59,49,6,1,3.85,9,5.883,7.681
59,15,1,1,3.85,9,5.883,7.681
59,7,2,1,3.85,9,5.883,7.681
59,46,4,1,3.85,9,5.883,7.681
59,11,3,1,3.85,9,5.883,7.681
59,2,1,1,3.85,9,5.883,7.681
59,55,7,1,3.85,9,5.883,7.681
59,26,5,1,3.85,9,5.883,7.681
59,46,4,1,3.85,9,5.883,7.681
59,45,3,1,3.85,9,5.883,7.681
59,58,9,1,3.85,9,5.883,7.681
59,50,4,1,3.85,9,5.883,7.681
59,52,4,1,3.85,9,5.883,7.681
59,10,1,1,3.85,9,5.883,7.681
59,44,6,1,3.85,9,5.883,7.681
59,42,4,1,3.85,9,5.883,7.681
61,46,2,1,4.90,7,5.931,7.810
61,54,7,1,4.90,7,5.931,7.810
61,42,5,1,4.90,7,5.931,7.810
61,19,5,1,4.90,7,5.931,7.810
61,25,4,1,4.90,7,5.931,7.810
61,40,6,1,4.90,7,5.931,7.810
61,43,5,1,4.90,7,5.931,7.810
61,55,7,1,4.90,7,5.931,7.810
61,10,3,1,4.90,7,5.931,7.810
61,53,7,1,4.90,7,5.931,7.810
61,13,4,1,4.90,7,5.931,7.810
61,34,3,1,4.90,7,5.931,7.810
61,42,5,1,4.90,7,5.931,7.810
61,53,7,1,4.90,7,5.931,7.810
61,14,3,1,4.90,7,5.931,7.810
61,24,6,1,4.90,7,5.931,7.810
61,28,5,1,4.90,7,5.931,7.810
61,45,6,1,4.90,7,5.931,7.810
61,24,6,1,4.90,7,5.931,7.810
61,46,2,1,4.90,7,5.931,7.810
62,25,3,0.1,2.50,3,5.954,7.874
62,23,2,0.1,2.50,3,5.954,7.874
63,2,1,0.4,2.50,5,5.977,7.937
63,16,1,0.4,2.50,5,5.977,7.937
63,19,3,0.4,2.50,5,5.977,7.937
63,34,3,0.4,2.50,5,5.977,7.937
63,34,3,0.4,2.50,5,5.977,7.937
63,52,5,0.4,2.50,5,5.977,7.937
63,17,3,0.4,2.50,5,5.977,7.937
63,16,1,0.4,2.50,5,5.977,7.937
64,29,3,0.1,3.50,4,6.000,8.000
64,31,4,0.1,3.50,4,6.000,8.000
65,56,4,0.45,3.89,6,6.022,8.062
65,31,4,0.45,3.89,6,6.022,8.062
65,59,5,0.45,3.89,6,6.022,8.062
65,47,3,0.45,3.89,6,6.022,8.062
65,64,6,0.45,3.89,6,6.022,8.062
65,22,1,0.45,3.89,6,6.022,8.062
65,44,4,0.45,3.89,6,6.022,8.062
65,19,2,0.45,3.89,6,6.022,8.062
65,64,6,0.45,3.89,6,6.022,8.062
67,16,6,0.95,4.37,8,6.066,8.185
67,56,4,0.95,4.37,8,6.066,8.185
67,16,6,0.95,4.37,8,6.066,8.185
67,54,7,0.95,4.37,8,6.066,8.185
67,15,5,0.95,4.37,8,6.066,8.185
67,61,8,0.95,4.37,8,6.066,8.185
67,34,1,0.95,4.37,8,6.066,8.185
67,56,4,0.95,4.37,8,6.066,8.185
67,19,5,0.95,4.37,8,6.066,8.185
67,8,4,0.95,4.37,8,6.066,8.185
67,7,3,0.95,4.37,8,6.066,8.185
67,49,7,0.95,4.37,8,6.066,8.185
67,25,5,0.95,4.37,8,6.066,8.185
67,27,4,0.95,4.37,8,6.066,8.185
67,36,4,0.95,4.37,8,6.066,8.185
67,3,2,0.95,4.37,8,6.066,8.185
67,8,4,0.95,4.37,8,6.066,8.185
67,22,3,0.95,4.37,8,6.066,8.185
67,2,1,0.95,4.37,8,6.066,8.185
69,37,2,0.3,1.83,3,6.109,8.307
69,7,1,0.3,1.83,3,6.109,8.307
69,44,3,0.3,1.83,3,6.109,8.307
69,19,2,0.3,1.83,3,6.109,8.307
69,38,2,0.3,1.83,3,6.109,8.307
69,5,1,0.3,1.83,3,6.109,8.307
71,52,6,1,4.40,9,6.150,8.426
71,25,2,1,4.40,9,6.150,8.426
71,64,5,1,4.40,9,6.150,8.426
71,25,2,1,4.40,9,6.150,8.426
71,2,1,1,4.40,9,6.150,8.426
71,54,3,1,4.40,9,6.150,8.426
71,38,3,1,4.40,9,6.150,8.426
71,44,6,1,4.40,9,6.150,8.426
71,14,4,1,4.40,9,6.150,8.426
71,69,7,1,4.40,9,6.150,8.426
71,16,2,1,4.40,9,6.150,8.426
71,70,8,1,4.40,9,6.150,8.426
71,17,5,1,4.40,9,6.150,8.426
71,33,5,1,4.40,9,6.150,8.426
71,52,6,1,4.40,9,6.150,8.426
71,68,9,1,4.40,9,6.150,8.426
71,26,3,1,4.40,9,6.150,8.426
71,57,4,1,4.40,9,6.150,8.426
71,38,3,1,4.40,9,6.150,8.426
71,14,4,1,4.40,9,6.150,8.426
73,11,4,0.95,4.74,8,6.190,8.544
73,39,3,0.95,4.74,8,6.190,8.544
73,57,8,0.95,4.74,8,6.190,8.544
73,14,5,0.95,4.74,8,6.190,8.544
73,9,6,0.95,4.74,8,6.190,8.544
73,38,3,0.95,4.74,8,6.190,8.544
73,43,4,0.95,4.74,8,6.190,8.544
73,27,6,0.95,4.74,8,6.190,8.544
73,57,8,0.95,4.74,8,6.190,8.544
73,2,1,0.95,4.74,8,6.190,8.544
73,21,5,0.95,4.74,8,6.190,8.544
73,55,2,0.95,4.74,8,6.190,8.544
73,57,8,0.95,4.74,8,6.190,8.544
73,64,3,0.95,4.74,8,6.190,8.544
73,29,6,0.95,4.74,8,6.190,8.544
73,29,6,0.95,4.74,8,6.190,8.544
73,33,4,0.95,4.74,8,6.190,8.544
73,63,6,0.95,4.74,8,6.190,8.544
73,25,2,0.95,4.74,8,6.190,8.544
74,11,2,0.2,2.75,3,6.209,8.602
74,17,3,0.2,2.75,3,6.209,8.602
74,17,3,0.2,2.75,3,6.209,8.602
74,27,3,0.2,2.75,3,6.209,8.602
75,11,2,0.3,1.67,3,6.229,8.660
75,11,2,0.3,1.67,3,6.229,8.660
75,43,3,0.3,1.67,3,6.229,8.660
75,2,1,0.3,1.67,3,6.229,8.660
75,38,1,0.3,1.67,3,6.229,8.660
75,4,1,0.3,1.67,3,6.229,8.660
76,29,2,0.3,2.50,4,6.248,8.718
76,35,3,0.3,2.50,4,6.248,8.718
76,11,1,0.3,2.50,4,6.248,8.718
76,35,3,0.3,2.50,4,6.248,8.718
76,29,2,0.3,2.50,4,6.248,8.718
76,37,4,0.3,2.50,4,6.248,8.718
77,30,2,0.75,3.20,6,6.267,8.775
77,6,1,0.75,3.20,6,6.267,8.775
77,71,6,0.75,3.20,6,6.267,8.775
77,51,5,0.75,3.20,6,6.267,8.775
77,60,5,0.75,3.20,6,6.267,8.775
77,8,2,0.75,3.20,6,6.267,8.775
77,26,1,0.75,3.20,6,6.267,8.775
77,32,4,0.75,3.20,6,6.267,8.775
77,75,6,0.75,3.20,6,6.267,8.775
77,27,3,0.75,3.20,6,6.267,8.775
77,26,1,0.75,3.20,6,6.267,8.775
77,69,4,0.75,3.20,6,6.267,8.775
77,5,2,0.75,3.20,6,6.267,8.775
77,68,5,0.75,3.20,6,6.267,8.775
77,3,1,0.75,3.20,6,6.267,8.775
79,33,2,1,4.60,10,6.304,8.888
79,49,3,1,4.60,10,6.304,8.888
79,24,4,1,4.60,10,6.304,8.888
79,68,7,1,4.60,10,6.304,8.888
79,44,3,1,4.60,10,6.304,8.888
79,38,6,1,4.60,10,6.304,8.888
79,62,5,1,4.60,10,6.304,8.888
79,12,2,1,4.60,10,6.304,8.888
79,24,4,1,4.60,10,6.304,8.888
79,32,4,1,4.60,10,6.304,8.888
79,67,5,1,4.60,10,6.304,8.888
79,41,3,1,4.60,10,6.304,8.888
79,74,10,1,4.60,10,6.304,8.888
79,32,4,1,4.60,10,6.304,8.888
79,11,3,1,4.60,10,6.304,8.888
79,58,6,1,4.60,10,6.304,8.888
79,69,9,1,4.60,10,6.304,8.888
79,8,1,1,4.60,10,6.304,8.888
79,35,5,1,4.60,10,6.304,8.888
79,58,6,1,4.60,10,6.304,8.888
81,76,4,0.05,4.00,4,6.340,9.000
83,44,3,1,3.50,6,6.375,9.110
83,8,3,1,3.50,6,6.375,9.110
83,25,3,1,3.50,6,6.375,9.110
83,46,3,1,3.50,6,6.375,9.110
83,54,4,1,3.50,6,6.375,9.110
83,73,4,1,3.50,6,6.375,9.110
83,23,3,1,3.50,6,6.375,9.110
83,45,2,1,3.50,6,6.375,9.110
83,65,5,1,3.50,6,6.375,9.110
83,72,6,1,3.50,6,6.375,9.110
83,13,4,1,3.50,6,6.375,9.110
83,10,2,1,3.50,6,6.375,9.110
83,41,4,1,3.50,6,6.375,9.110
83,14,1,1,3.50,6,6.375,9.110
83,74,6,1,3.50,6,6.375,9.110
83,71,6,1,3.50,6,6.375,9.110
83,24,5,1,3.50,6,6.375,9.110
83,4,1,1,3.50,6,6.375,9.110
83,34,3,1,3.50,6,6.375,9.110
83,43,2,1,3.50,6,6.375,9.110
85,78,5,0.25,3.80,5,6.409,9.220
85,48,4,0.25,3.80,5,6.409,9.220
85,24,4,0.25,3.80,5,6.409,9.220
85,2,1,0.25,3.80,5,6.409,9.220
85,63,5,0.25,3.80,5,6.409,9.220
87,77,5,0.25,2.20,5,6.443,9.327
87,44,1,0.25,2.20,5,6.443,9.327
87,47,3,0.25,2.20,5,6.443,9.327
87,44,1,0.25,2.20,5,6.443,9.327
87,44,1,0.25,2.20,5,6.443,9.327
89,16,3,1,3.85,9,6.476,9.434
89,21,4,1,3.85,9,6.476,9.434
89,6,1,1,3.85,9,6.476,9.434
89,28,3,1,3.85,9,6.476,9.434
89,79,4,1,3.85,9,6.476,9.434
89,6,1,1,3.85,9,6.476,9.434
89,61,3,1,3.85,9,6.476,9.434
89,10,1,1,3.85,9,6.476,9.434
89,88,9,1,3.85,9,6.476,9.434
89,32,3,1,3.85,9,6.476,9.434
89,67,2,1,3.85,9,6.476,9.434
89,81,6,1,3.85,9,6.476,9.434
89,83,7,1,3.85,9,6.476,9.434
89,33,2,1,3.85,9,6.476,9.434
89,77,6,1,3.85,9,6.476,9.434
89,10,1,1,3.85,9,6.476,9.434
89,37,6,1,3.85,9,6.476,9.434
89,87,8,1,3.85,9,6.476,9.434
89,21,4,1,3.85,9,6.476,9.434
89,78,3,1,3.85,9,6.476,9.434
91,3,2,0.85,4.82,12,6.508,9.539
91,16,3,0.85,4.82,12,6.508,9.539
91,12,3,0.85,4.82,12,6.508,9.539
91,50,5,0.85,4.82,12,6.508,9.539
91,87,10,0.85,4.82,12,6.508,9.539
91,46,1,0.85,4.82,12,6.508,9.539
91,82,5,0.85,4.82,12,6.508,9.539
91,79,5,0.85,4.82,12,6.508,9.539
91,90,12,0.85,4.82,12,6.508,9.539
91,82,5,0.85,4.82,12,6.508,9.539
91,23,1,0.85,4.82,12,6.508,9.539
91,31,2,0.85,4.82,12,6.508,9.539
91,11,4,0.85,4.82,12,6.508,9.539
91,41,4,0.85,4.82,12,6.508,9.539
91,25,5,0.85,4.82,12,6.508,9.539
91,90,12,0.85,4.82,12,6.508,9.539
91,22,3,0.85,4.82,12,6.508,9.539
92,37,3,0.05,3.00,3,6.524,9.592
93,7,3,0.15,4.00,5,6.539,9.644
93,71,4,0.15,4.00,5,6.539,9.644
93,82,5,0.15,4.00,5,6.539,9.644
94,33,2,0.1,3.00,4,6.555,9.695
94,43,4,0.1,3.00,4,6.555,9.695
95,33,2,0.75,3.20,9,6.570,9.747
95,47,6,0.75,3.20,9,6.570,9.747
95,7,2,0.75,3.20,9,6.570,9.747
95,74,4,0.75,3.20,9,6.570,9.747
95,61,5,0.75,3.20,9,6.570,9.747
95,49,2,0.75,3.20,9,6.570,9.747
95,54,4,0.75,3.20,9,6.570,9.747
95,3,1,0.75,3.20,9,6.570,9.747
95,89,9,0.75,3.20,9,6.570,9.747
95,44,3,0.75,3.20,9,6.570,9.747
95,12,1,0.75,3.20,9,6.570,9.747
95,4,1,0.75,3.20,9,6.570,9.747
95,72,3,0.75,3.20,9,6.570,9.747
95,44,3,0.75,3.20,9,6.570,9.747
95,49,2,0.75,3.20,9,6.570,9.747
97,51,4,1,4.00,8,6.600,9.849
97,22,3,1,4.00,8,6.600,9.849
97,36,3,1,4.00,8,6.600,9.849
97,20,3,1,4.00,8,6.600,9.849
97,78,5,1,4.00,8,6.600,9.849
97,2,1,1,4.00,8,6.600,9.849
97,92,8,1,4.00,8,6.600,9.849
97,90,6,1,4.00,8,6.600,9.849
97,21,3,1,4.00,8,6.600,9.849
97,36,3,1,4.00,8,6.600,9.849
97,59,4,1,4.00,8,6.600,9.849
97,23,4,1,4.00,8,6.600,9.849
97,47,5,1,4.00,8,6.600,9.849
97,55,3,1,4.00,8,6.600,9.849
97,51,4,1,4.00,8,6.600,9.849
97,17,4,1,4.00,8,6.600,9.849
97,63,7,1,4.00,8,6.600,9.849
97,5,3,1,4.00,8,6.600,9.849
97,69,4,1,4.00,8,6.600,9.849
97,36,3,1,4.00,8,6.600,9.849
99,5,1,0.25,1.60,2,6.629,9.950
99,50,1,0.25,1.60,2,6.629,9.950
99,31,2,0.25,1.60,2,6.629,9.950
99,31,2,0.25,1.60,2,6.629,9.950
99,62,2,0.25,1.60,2,6.629,9.950
101,8,2,1,5.65,9,6.658,10.050
101,75,9,1,5.65,9,6.658,10.050
101,96,7,1,5.65,9,6.658,10.050
101,23,7,1,5.65,9,6.658,10.050
101,71,7,1,5.65,9,6.658,10.050
101,33,9,1,5.65,9,6.658,10.050
101,87,4,1,5.65,9,6.658,10.050
101,24,4,1,5.65,9,6.658,10.050
101,25,5,1,5.65,9,6.658,10.050
101,63,6,1,5.65,9,6.658,10.050
101,49,8,1,5.65,9,6.658,10.050
101,81,5,1,5.65,9,6.658,10.050
101,82,7,1,5.65,9,6.658,10.050
101,46,7,1,5.65,9,6.658,10.050
101,68,4,1,5.65,9,6.658,10.050
101,27,4,1,5.65,9,6.658,10.050
101,95,7,1,5.65,9,6.658,10.050
101,57,3,1,5.65,9,6.658,10.050
101,69,7,1,5.65,9,6.658,10.050
101,34,1,1,5.65,9,6.658,10.050
103,102,11,1,4.75,11,6.687,10.149
103,86,4,1,4.75,11,6.687,10.149
103,91,5,1,4.75,11,6.687,10.149
103,86,4,1,4.75,11,6.687,10.149
103,74,7,1,4.75,11,6.687,10.149
103,59,3,1,4.75,11,6.687,10.149
103,78,4,1,4.75,11,6.687,10.149
103,54,3,1,4.75,11,6.687,10.149
103,12,3,1,4.75,11,6.687,10.149
103,53,3,1,4.75,11,6.687,10.149
103,34,4,1,4.75,11,6.687,10.149
103,90,9,1,4.75,11,6.687,10.149
103,84,5,1,4.75,11,6.687,10.149
103,43,2,1,4.75,11,6.687,10.149
103,33,3,1,4.75,11,6.687,10.149
103,81,4,1,4.75,11,6.687,10.149
103,62,3,1,4.75,11,6.687,10.149
103,11,3,1,4.75,11,6.687,10.149
103,41,7,1,4.75,11,6.687,10.149
103,98,8,1,4.75,11,6.687,10.149
104,43,3,0.05,3.00,3,6.700,10.198
105,79,2,0.05,2.00,2,6.714,10.247
107,78,6,1,4.35,8,6.741,10.344
107,91,5,1,4.35,8,6.741,10.344
107,56,3,1,4.35,8,6.741,10.344
107,97,4,1,4.35,8,6.741,10.344
107,89,6,1,4.35,8,6.741,10.344
107,105,8,1,4.35,8,6.741,10.344
107,94,4,1,4.35,8,6.741,10.344
107,22,2,1,4.35,8,6.741,10.344
107,64,6,1,4.35,8,6.741,10.344
107,31,3,1,4.35,8,6.741,10.344
107,9,1,1,4.35,8,6.741,10.344
107,74,5,1,4.35,8,6.741,10.344
107,81,3,1,4.35,8,6.741,10.344
107,82,5,1,4.35,8,6.741,10.344
107,65,5,1,4.35,8,6.741,10.344
107,55,2,1,4.35,8,6.741,10.344
107,2,1,1,4.35,8,6.741,10.344
107,102,5,1,4.35,8,6.741,10.344
107,63,5,1,4.35,8,6.741,10.344
107,105,8,1,4.35,8,6.741,10.344
109,90,6,1,4.10,6,6.768,10.440
109,11,1,1,4.10,6,6.768,10.440
109,84,6,1,4.10,6,6.768,10.440
109,13,4,1,4.10,6,6.768,10.440
109,77,6,1,4.10,6,6.768,10.440
109,22,1,1,4.10,6,6.768,10.440
109,24,2,1,4.10,6,6.768,10.440
109,37,2,1,4.10,6,6.768,10.440
109,45,5,1,4.10,6,6.768,10.440
109,75,5,1,4.10,6,6.768,10.440
109,96,4,1,4.10,6,6.768,10.440
109,98,6,1,4.10,6,6.768,10.440
109,23,3,1,4.10,6,6.768,10.440
109,53,6,1,4.10,6,6.768,10.440
109,86,4,1,4.10,6,6.768,10.440
109,86,4,1,4.10,6,6.768,10.440
109,19,2,1,4.10,6,6.768,10.440
109,70,4,1,4.10,6,6.768,10.440
109,27,5,1,4.10,6,6.768,10.440
109,53,6,1,4.10,6,6.768,10.440
111,32,3,0.2,2.75,5,6.794,10.536
111,59,2,0.2,2.75,5,6.794,10.536
111,7,1,0.2,2.75,5,6.794,10.536
111,73,5,0.2,2.75,5,6.794,10.536
113,72,6,1,4.10,7,6.820,10.630
113,19,1,1,4.10,7,6.820,10.630
113,70,4,1,4.10,7,6.820,10.630
113,55,7,1,4.10,7,6.820,10.630
113,73,3,1,4.10,7,6.820,10.630
113,80,6,1,4.10,7,6.820,10.630
113,3,1,1,4.10,7,6.820,10.630
113,20,3,1,4.10,7,6.820,10.630
113,77,5,1,4.10,7,6.820,10.630
113,62,5,1,4.10,7,6.820,10.630
113,80,6,1,4.10,7,6.820,10.630
113,17,2,1,4.10,7,6.820,10.630
113,108,6,1,4.10,7,6.820,10.630
113,63,4,1,4.10,7,6.820,10.630
113,20,3,1,4.10,7,6.820,10.630
113,73,3,1,4.10,7,6.820,10.630
113,11,4,1,4.10,7,6.820,10.630
113,51,4,1,4.10,7,6.820,10.630
113,28,4,1,4.10,7,6.820,10.630
113,77,5,1,4.10,7,6.820,10.630
114,11,3,0.05,3.00,3,6.833,10.677
115,88,4,0.4,3.75,6,6.845,10.724
115,7,2,0.4,3.75,6,6.845,10.724
115,108,6,0.4,3.75,6,6.845,10.724
115,9,2,0.4,3.75,6,6.845,10.724
115,73,4,0.4,3.75,6,6.845,10.724
115,22,3,0.4,3.75,6,6.845,10.724
115,38,5,0.4,3.75,6,6.845,10.724
115,53,4,0.4,3.75,6,6.845,10.724
116,9,1,0.05,1.00,1,6.858,10.770
117,77,5,0.25,4.00,7,6.870,10.817
117,37,4,0.25,4.00,7,6.870,10.817
117,67,3,0.25,4.00,7,6.870,10.817
117,2,1,0.25,4.00,7,6.870,10.817
117,107,7,0.25,4.00,7,6.870,10.817
118,27,2,0.1,1.50,2,6.883,10.863
118,7,1,0.1,1.50,2,6.883,10.863
119,57,7,0.4,5.00,8,6.895,10.909
119,53,2,0.4,5.00,8,6.895,10.909
119,26,3,0.4,5.00,8,6.895,10.909
119,57,7,0.4,5.00,8,6.895,10.909
119,57,7,0.4,5.00,8,6.895,10.909
119,99,8,0.4,5.00,8,6.895,10.909
119,92,4,0.4,5.00,8,6.895,10.909
119,61,2,0.4,5.00,8,6.895,10.909
121,31,3,0.75,7.47,18,6.919,11.000
121,4,3,0.75,7.47,18,6.919,11.000
121,100,9,0.75,7.47,18,6.919,11.000
121,116,6,0.75,7.47,18,6.919,11.000
121,102,8,0.75,7.47,18,6.919,11.000
121,37,7,0.75,7.47,18,6.919,11.000
121,58,6,0.75,7.47,18,6.919,11.000
121,23,8,0.75,7.47,18,6.919,11.000
121,48,9,0.75,7.47,18,6.919,11.000
121,64,6,0.75,7.47,18,6.919,11.000
121,120,18,0.75,7.47,18,6.919,11.000
121,101,4,0.75,7.47,18,6.919,11.000
121,37,7,0.75,7.47,18,6.919,11.000
121,112,10,0.75,7.47,18,6.919,11.000
121,23,8,0.75,7.47,18,6.919,11.000
122,49,3,0.1,2.00,3,6.931,11.045
122,41,1,0.1,2.00,3,6.931,11.045
123,32,3,0.2,3.00,3,6.943,11.091
123,32,3,0.2,3.00,3,6.943,11.091
123,16,3,0.2,3.00,3,6.943,11.091
123,8,3,0.2,3.00,3,6.943,11.091
125,68,3,0.45,3.67,8,6.966,11.180
125,4,2,0.45,3.67,8,6.966,11.180
125,112,4,0.45,3.67,8,6.966,11.180
125,117,8,0.45,3.67,8,6.966,11.180
125,7,1,0.45,3.67,8,6.966,11.180
125,116,7,0.45,3.67,8,6.966,11.180
125,22,2,0.45,3.67,8,6.966,11.180
125,73,2,0.45,3.67,8,6.966,11.180
125,84,4,0.45,3.67,8,6.966,11.180
127,98,6,1,4.45,10,6.989,11.269
127,22,4,1,4.45,10,6.989,11.269
127,116,9,1,4.45,10,6.989,11.269
127,96,4,1,4.45,10,6.989,11.269
127,17,3,1,4.45,10,6.989,11.269
127,95,10,1,4.45,10,6.989,11.269
127,34,3,1,4.45,10,6.989,11.269
127,67,6,1,4.45,10,6.989,11.269
127,6,4,1,4.45,10,6.989,11.269
127,26,3,1,4.45,10,6.989,11.269
127,16,1,1,4.45,10,6.989,11.269
127,10,3,1,4.45,10,6.989,11.269
127,70,4,1,4.45,10,6.989,11.269
127,30,6,1,4.45,10,6.989,11.269
127,62,8,1,4.45,10,6.989,11.269
127,12,4,1,4.45,10,6.989,11.269
127,68,3,1,4.45,10,6.989,11.269
127,2,1,1,4.45,10,6.989,11.269
127,21,5,1,4.45,10,6.989,11.269
127,9,2,1,4.45,10,6.989,11.269
129,32,3,0.2,3.50,7,7.011,11.358
129,80,3,0.2,3.50,7,7.011,11.358
129,10,1,0.2,3.50,7,7.011,11.358
129,128,7,0.2,3.50,7,7.011,11.358
131,128,8,1,4.80,8,7.033,11.446
131,37,4,1,4.80,8,7.033,11.446
131,129,7,1,4.80,8,7.033,11.446
131,30,3,1,4.80,8,7.033,11.446
131,118,5,1,4.80,8,7.033,11.446
131,9,2,1,4.80,8,7.033,11.446
131,70,3,1,4.80,8,7.033,11.446
131,102,4,1,4.80,8,7.033,11.446
131,112,6,1,4.80,8,7.033,11.446
131,25,3,1,4.80,8,7.033,11.446
131,128,8,1,4.80,8,7.033,11.446
131,129,7,1,4.80,8,7.033,11.446
131,86,3,1,4.80,8,7.033,11.446
131,42,5,1,4.80,8,7.033,11.446
131,112,6,1,4.80,8,7.033,11.446
131,90,5,1,4.80,8,7.033,11.446
131,36,3,1,4.80,8,7.033,11.446
131,97,6,1,4.80,8,7.033,11.446
131,21,4,1,4.80,8,7.033,11.446
131,58,4,1,4.80,8,7.033,11.446
133,124,8,0.65,5.54,9,7.055,11.533
133,80,3,0.65,5.54,9,7.055,11.533
133,68,3,0.65,5.54,9,7.055,11.533
133,132,9,0.65,5.54,9,7.055,11.533
133,40,3,0.65,5.54,9,7.055,11.533
133,26,4,0.65,5.54,9,7.055,11.533
133,124,8,0.65,5.54,9,7.055,11.533
133,60,5,0.65,5.54,9,7.055,11.533
133,26,4,0.65,5.54,9,7.055,11.533
133,104,5,0.65,5.54,9,7.055,11.533
133,66,8,0.65,5.54,9,7.055,11.533
133,75,4,0.65,5.54,9,7.055,11.533
133,99,8,0.65,5.54,9,7.055,11.533
135,8,1,0.1,1.50,2,7.077,11.619
135,11,2,0.1,1.50,2,7.077,11.619
137,128,8,1,4.35,8,7.098,11.705
137,7,2,1,4.35,8,7.098,11.705
137,57,5,1,4.35,8,7.098,11.705
137,70,2,1,4.35,8,7.098,11.705
137,91,5,1,4.35,8,7.098,11.705
137,108,5,1,4.35,8,7.098,11.705
137,55,3,1,4.35,8,7.098,11.705
137,14,2,1,4.35,8,7.098,11.705
137,59,3,1,4.35,8,7.098,11.705
137,78,5,1,4.35,8,7.098,11.705
137,44,6,1,4.35,8,7.098,11.705
137,45,4,1,4.35,8,7.098,11.705
137,35,2,1,4.35,8,7.098,11.705
137,44,6,1,4.35,8,7.098,11.705
137,83,5,1,4.35,8,7.098,11.705
137,57,5,1,4.35,8,7.098,11.705
137,21,3,1,4.35,8,7.098,11.705
137,110,6,1,4.35,8,7.098,11.705
137,130,7,1,4.35,8,7.098,11.705
137,25,3,1,4.35,8,7.098,11.705
139,134,8,1,3.70,8,7.119,11.790
139,74,3,1,3.70,8,7.119,11.790
139,17,2,1,3.70,8,7.119,11.790
139,74,3,1,3.70,8,7.119,11.790
139,129,7,1,3.70,8,7.119,11.790
139,81,6,1,3.70,8,7.119,11.790
139,28,1,1,3.70,8,7.119,11.790
139,126,4,1,3.70,8,7.119,11.790
139,67,4,1,3.70,8,7.119,11.790
139,70,1,1,3.70,8,7.119,11.790
139,114,5,1,3.70,8,7.119,11.790
139,35,1,1,3.70,8,7.119,11.790
139,16,2,1,3.70,8,7.119,11.790
139,131,6,1,3.70,8,7.119,11.790
139,32,4,1,3.70,8,7.119,11.790
139,79,4,1,3.70,8,7.119,11.790
139,85,4,1,3.70,8,7.119,11.790
139,40,4,1,3.70,8,7.119,11.790
139,4,1,1,3.70,8,7.119,11.790
139,63,4,1,3.70,8,7.119,11.790
140,51,3,0.05,3.00,3,7.129,11.832
141,13,2,0.3,3.33,5,7.140,11.874
141,31,4,0.3,3.33,5,7.140,11.874
141,20,4,0.3,3.33,5,7.140,11.874
141,86,5,0.3,3.33,5,7.140,11.874
141,19,3,0.3,3.33,5,7.140,11.874
141,13,2,0.3,3.33,5,7.140,11.874
143,118,5,0.85,4.06,8,7.160,11.958
143,30,3,0.85,4.06,8,7.160,11.958
143,93,4,0.85,4.06,8,7.160,11.958
143,139,8,0.85,4.06,8,7.160,11.958
143,57,5,0.85,4.06,8,7.160,11.958
143,41,3,0.85,4.06,8,7.160,11.958
143,24,1,0.85,4.06,8,7.160,11.958
143,9,1,0.85,4.06,8,7.160,11.958
143,7,2,0.85,4.06,8,7.160,11.958
143,46,4,0.85,4.06,8,7.160,11.958
143,125,8,0.85,4.06,8,7.160,11.958
143,19,2,0.85,4.06,8,7.160,11.958
143,21,2,0.85,4.06,8,7.160,11.958
143,103,6,0.85,4.06,8,7.160,11.958
143,40,5,0.85,4.06,8,7.160,11.958
143,43,3,0.85,4.06,8,7.160,11.958
143,102,7,0.85,4.06,8,7.160,11.958
144,29,1,0.05,1.00,1,7.170,12.000
145,69,6,0.8,5.94,11,7.180,12.042
145,77,5,0.8,5.94,11,7.180,12.042
145,114,4,0.8,5.94,11,7.180,12.042
145,26,6,0.8,5.94,11,7.180,12.042
145,144,11,0.8,5.94,11,7.180,12.042
145,64,8,0.8,5.94,11,7.180,12.042
145,26,6,0.8,5.94,11,7.180,12.042
145,7,2,0.8,5.94,11,7.180,12.042
145,93,5,0.8,5.94,11,7.180,12.042
145,136,4,0.8,5.94,11,7.180,12.042
145,54,5,0.8,5.94,11,7.180,12.042
145,96,8,0.8,5.94,11,7.180,12.042
145,11,5,0.8,5.94,11,7.180,12.042
145,107,7,0.8,5.94,11,7.180,12.042
145,64,8,0.8,5.94,11,7.180,12.042
145,93,5,0.8,5.94,11,7.180,12.042
147,4,1,0.05,1.00,1,7.200,12.124
149,79,4,1,3.90,7,7.219,12.207
149,87,2,1,3.90,7,7.219,12.207
149,62,5,1,3.90,7,7.219,12.207
149,16,3,1,3.90,7,7.219,12.207
149,52,3,1,3.90,7,7.219,12.207
149,123,5,1,3.90,7,7.219,12.207
149,9,3,1,3.90,7,7.219,12.207
149,19,2,1,3.90,7,7.219,12.207
149,88,5,1,3.90,7,7.219,12.207
149,96,6,1,3.90,7,7.219,12.207
149,81,4,1,3.90,7,7.219,12.207
149,12,3,1,3.90,7,7.219,12.207
149,146,7,1,3.90,7,7.219,12.207
149,2,1,1,3.90,7,7.219,12.207
149,129,5,1,3.90,7,7.219,12.207
149,51,3,1,3.90,7,7.219,12.207
149,129,5,1,3.90,7,7.219,12.207
149,16,3,1,3.90,7,7.219,12.207
149,125,4,1,3.90,7,7.219,12.207
149,134,5,1,3.90,7,7.219,12.207
151,48,5,1,4.40,10,7.238,12.288
151,68,3,1,4.40,10,7.238,12.288
151,149,10,1,4.40,10,7.238,12.288
151,46,5,1,4.40,10,7.238,12.288
151,38,1,1,4.40,10,7.238,12.288
151,25,4,1,4.40,10,7.238,12.288
151,117,6,1,4.40,10,7.238,12.288
151,110,5,1,4.40,10,7.238,12.288
151,118,3,1,4.40,10,7.238,12.288
151,87,5,1,4.40,10,7.238,12.288
151,3,2,1,4.40,10,7.238,12.288
151,25,4,1,4.40,10,7.238,12.288
151,47,4,1,4.40,10,7.238,12.288
151,5,2,1,4.40,10,7.238,12.288
151,114,4,1,4.40,10,7.238,12.288
151,21,3,1,4.40,10,7.238,12.288
151,32,3,1,4.40,10,7.238,12.288
151,109,10,1,4.40,10,7.238,12.288
151,46,5,1,4.40,10,7.238,12.288
151,69,4,1,4.40,10,7.238,12.288
153,134,3,0.35,3.14,8,7.257,12.369
153,151,8,0.35,3.14,8,7.257,12.369
153,10,2,0.35,3.14,8,7.257,12.369
153,41,2,0.35,3.14,8,7.257,12.369
153,89,3,0.35,3.14,8,7.257,12.369
153,8,2,0.35,3.14,8,7.257,12.369
153,31,2,0.35,3.14,8,7.257,12.369
154,31,1,0.05,1.00,1,7.267,12.410
155,12,1,0.55,2.82,6,7.276,12.450
155,91,4,0.55,2.82,6,7.276,12.450
155,52,1,0.55,2.82,6,7.276,12.450
155,27,3,0.55,2.82,6,7.276,12.450
155,82,4,0.55,2.82,6,7.276,12.450
155,61,3,0.55,2.82,6,7.276,12.450
155,51,6,0.55,2.82,6,7.276,12.450
155,52,1,0.55,2.82,6,7.276,12.450
155,21,2,0.55,2.82,6,7.276,12.450
155,18,3,0.55,2.82,6,7.276,12.450
155,18,3,0.55,2.82,6,7.276,12.450
157,2,1,1,7.30,15,7.295,12.530
157,154,12,1,7.30,15,7.295,12.530
157,116,13,1,7.30,15,7.295,12.530
157,67,8,1,7.30,15,7.295,12.530
157,35,5,1,7.30,15,7.295,12.530
157,137,10,1,7.30,15,7.295,12.530
157,31,9,1,7.30,15,7.295,12.530
157,144,5,1,7.30,15,7.295,12.530
157,80,3,1,7.30,15,7.295,12.530
157,46,5,1,7.30,15,7.295,12.530
157,31,9,1,7.30,15,7.295,12.530
157,68,11,1,7.30,15,7.295,12.530
157,42,5,1,7.30,15,7.295,12.530
157,105,3,1,7.30,15,7.295,12.530
157,7,4,1,7.30,15,7.295,12.530
157,156,15,1,7.30,15,7.295,12.530
157,148,10,1,7.30,15,7.295,12.530
157,117,9,1,7.30,15,7.295,12.530
157,63,4,1,7.30,15,7.295,12.530
157,28,5,1,7.30,15,7.295,12.530
158,55,3,0.1,3.00,3,7.304,12.570
158,55,3,0.1,3.00,3,7.304,12.570
159,142,5,0.35,3.00,5,7.313,12.610
159,101,4,0.35,3.00,5,7.313,12.610
159,10,1,0.35,3.00,5,7.313,12.610
159,37,4,0.35,3.00,5,7.313,12.610
159,101,4,0.35,3.00,5,7.313,12.610
159,20,1,0.35,3.00,5,7.313,12.610
159,35,2,0.35,3.00,5,7.313,12.610
160,23,1,0.05,1.00,1,7.322,12.649
161,102,5,0.55,3.73,8,7.331,12.689
161,122,5,0.55,3.73,8,7.331,12.689
161,3,1,0.55,3.73,8,7.331,12.689
161,54,1,0.55,3.73,8,7.331,12.689
161,106,6,0.55,3.73,8,7.331,12.689
161,135,5,0.55,3.73,8,7.331,12.689
161,85,2,0.55,3.73,8,7.331,12.689
161,39,3,0.55,3.73,8,7.331,12.689
161,57,3,0.55,3.73,8,7.331,12.689
161,85,2,0.55,3.73,8,7.331,12.689
161,158,8,0.55,3.73,8,7.331,12.689
163,77,3,0.95,5.21,8,7.349,12.767
163,105,6,0.95,5.21,8,7.349,12.767
163,70,6,0.95,5.21,8,7.349,12.767
163,143,5,0.95,5.21,8,7.349,12.767
163,106,4,0.95,5.21,8,7.349,12.767
163,18,5,0.95,5.21,8,7.349,12.767
163,155,8,0.95,5.21,8,7.349,12.767
163,92,4,0.95,5.21,8,7.349,12.767
163,9,4,0.95,5.21,8,7.349,12.767
163,48,4,0.95,5.21,8,7.349,12.767
163,38,7,0.95,5.21,8,7.349,12.767
163,98,3,0.95,5.21,8,7.349,12.767
163,137,6,0.95,5.21,8,7.349,12.767
163,156,6,0.95,5.21,8,7.349,12.767
163,97,6,0.95,5.21,8,7.349,12.767
163,75,6,0.95,5.21,8,7.349,12.767
163,14,3,0.95,5.21,8,7.349,12.767
163,43,5,0.95,5.21,8,7.349,12.767
163,129,8,0.95,5.21,8,7.349,12.767
164,79,3,0.15,2.33,3,7.358,12.806
164,25,2,0.15,2.33,3,7.358,12.806
164,73,2,0.15,2.33,3,7.358,12.806
167,77,4,1,4.40,8,7.384,12.923
167,52,6,1,4.40,8,7.384,12.923
167,126,3,1,4.40,8,7.384,12.923
167,163,7,1,4.40,8,7.384,12.923
167,100,5,1,4.40,8,7.384,12.923
167,93,3,1,4.40,8,7.384,12.923
167,20,3,1,4.40,8,7.384,12.923
167,130,4,1,4.40,8,7.384,12.923
167,108,4,1,4.40,8,7.384,12.923
167,161,8,1,4.40,8,7.384,12.923
167,159,6,1,4.40,8,7.384,12.923
167,22,3,1,4.40,8,7.384,12.923
167,64,3,1,4.40,8,7.384,12.923
167,37,4,1,4.40,8,7.384,12.923
167,92,3,1,4.40,8,7.384,12.923
167,153,8,1,4.40,8,7.384,12.923
167,163,7,1,4.40,8,7.384,12.923
167,13,2,1,4.40,8,7.384,12.923
167,35,2,1,4.40,8,7.384,12.923
167,36,3,1,4.40,8,7.384,12.923
169,57,2,0.9,5.11,9,7.401,13.000
169,3,2,0.9,5.11,9,7.401,13.000
169,96,7,0.9,5.11,9,7.401,13.000
169,21,6,0.9,5.11,9,7.401,13.000
169,28,7,0.9,5.11,9,7.401,13.000
169,2,1,0.9,5.11,9,7.401,13.000
169,40,3,0.9,5.11,9,7.401,13.000
169,153,9,0.9,5.11,9,7.401,13.000
169,81,6,0.9,5.11,9,7.401,13.000
169,134,4,0.9,5.11,9,7.401,13.000
169,9,2,0.9,5.11,9,7.401,13.000
169,138,7,0.9,5.11,9,7.401,13.000
169,111,5,0.9,5.11,9,7.401,13.000
169,90,5,0.9,5.11,9,7.401,13.000
169,139,9,0.9,5.11,9,7.401,13.000
169,58,2,0.9,5.11,9,7.401,13.000
169,95,7,0.9,5.11,9,7.401,13.000
169,137,8,0.9,5.11,9,7.401,13.000
170,27,2,0.05,2.00,2,7.409,13.038
171,23,5,0.1,5.50,6,7.418,13.077
171,109,6,0.1,5.50,6,7.418,13.077
173,117,5,1,5.25,9,7.435,13.153
173,30,3,1,5.25,9,7.435,13.153
173,165,7,1,5.25,9,7.435,13.153
173,73,4,1,5.25,9,7.435,13.153
173,7,2,1,5.25,9,7.435,13.153
173,64,7,1,5.25,9,7.435,13.153
173,9,3,1,5.25,9,7.435,13.153
173,114,6,1,5.25,9,7.435,13.153
173,97,4,1,5.25,9,7.435,13.153
173,43,6,1,5.25,9,7.435,13.153
173,19,6,1,5.25,9,7.435,13.153
173,158,7,1,5.25,9,7.435,13.153
173,108,7,1,5.25,9,7.435,13.153
173,129,7,1,5.25,9,7.435,13.153
173,171,9,1,5.25,9,7.435,13.153
173,44,2,1,5.25,9,7.435,13.153
173,26,4,1,5.25,9,7.435,13.153
173,134,7,1,5.25,9,7.435,13.153
173,119,4,1,5.25,9,7.435,13.153
173,42,5,1,5.25,9,7.435,13.153
175,146,4,0.1,5.50,7,7.451,13.229
175,169,7,0.1,5.50,7,7.451,13.229
176,3,1,0.05,1.00,1,7.459,13.266
179,158,6,0.95,5.53,10,7.484,13.379
179,149,8,0.95,5.53,10,7.484,13.379
179,59,6,0.95,5.53,10,7.484,13.379
179,64,3,0.95,5.53,10,7.484,13.379
179,86,9,0.95,5.53,10,7.484,13.379
179,174,9,0.95,5.53,10,7.484,13.379
179,103,3,0.95,5.53,10,7.484,13.379
179,94,2,0.95,5.53,10,7.484,13.379
179,87,8,0.95,5.53,10,7.484,13.379
179,26,2,0.95,5.53,10,7.484,13.379
179,99,5,0.95,5.53,10,7.484,13.379
179,154,10,0.95,5.53,10,7.484,13.379
179,76,5,0.95,5.53,10,7.484,13.379
179,54,3,0.95,5.53,10,7.484,13.379
179,161,7,0.95,5.53,10,7.484,13.379
179,108,3,0.95,5.53,10,7.484,13.379
179,167,8,0.95,5.53,10,7.484,13.379
179,130,5,0.95,5.53,10,7.484,13.379
179,96,3,0.95,5.53,10,7.484,13.379
181,31,5,1,6.50,14,7.500,13.454
181,151,4,1,6.50,14,7.500,13.454
181,6,5,1,6.50,14,7.500,13.454
181,157,12,1,6.50,14,7.500,13.454
181,63,4,1,6.50,14,7.500,13.454
181,122,5,1,6.50,14,7.500,13.454
181,112,6,1,6.50,14,7.500,13.454
181,23,3,1,6.50,14,7.500,13.454
181,42,9,1,6.50,14,7.500,13.454
181,4,3,1,6.50,14,7.500,13.454
181,6,5,1,6.50,14,7.500,13.454
181,22,7,1,6.50,14,7.500,13.454
181,62,5,1,6.50,14,7.500,13.454
181,2,1,1,6.50,14,7.500,13.454
181,116,5,1,6.50,14,7.500,13.454
181,43,5,1,6.50,14,7.500,13.454
181,157,12,1,6.50,14,7.500,13.454
181,85,10,1,6.50,14,7.500,13.454
181,146,10,1,6.50,14,7.500,13.454
181,175,14,1,6.50,14,7.500,13.454
183,152,8,0.3,3.67,8,7.516,13.528
183,94,3,0.3,3.67,8,7.516,13.528
183,40,3,0.3,3.67,8,7.516,13.528
183,143,3,0.3,3.67,8,7.516,13.528
183,8,1,0.3,3.67,8,7.516,13.528
183,26,4,0.3,3.67,8,7.516,13.528
185,116,3,0.5,3.00,6,7.531,13.601
185,9,3,0.5,3.00,6,7.531,13.601
185,21,3,0.5,3.00,6,7.531,13.601
185,9,3,0.5,3.00,6,7.531,13.601
185,134,6,0.5,3.00,6,7.531,13.601
185,97,4,0.5,3.00,6,7.531,13.601
185,93,1,0.5,3.00,6,7.531,13.601
185,31,1,0.5,3.00,6,7.531,13.601
185,21,3,0.5,3.00,6,7.531,13.601
185,7,3,0.5,3.00,6,7.531,13.601
186,43,3,0.05,3.00,3,7.539,13.638
187,105,8,0.8,5.88,11,7.547,13.675
187,40,6,0.8,5.88,11,7.547,13.675
187,25,6,0.8,5.88,11,7.547,13.675
187,86,5,0.8,5.88,11,7.547,13.675
187,125,3,0.8,5.88,11,7.547,13.675
187,53,7,0.8,5.88,11,7.547,13.675
187,113,6,0.8,5.88,11,7.547,13.675
187,163,8,0.8,5.88,11,7.547,13.675
187,129,5,0.8,5.88,11,7.547,13.675
187,8,4,0.8,5.88,11,7.547,13.675
187,184,11,0.8,5.88,11,7.547,13.675
187,167,5,0.8,5.88,11,7.547,13.675
187,129,5,0.8,5.88,11,7.547,13.675
187,52,3,0.8,5.88,11,7.547,13.675
187,133,8,0.8,5.88,11,7.547,13.675
187,45,4,0.8,5.88,11,7.547,13.675
188,15,2,0.1,1.50,2,7.555,13.711
188,21,1,0.1,1.50,2,7.555,13.711
189,5,1,0.05,1.00,1,7.562,13.748
191,13,2,1,5.20,14,7.577,13.820
191,86,7,1,5.20,14,7.577,13.820
191,2,1,1,5.20,14,7.577,13.820
191,3,1,1,5.20,14,7.577,13.820
191,20,5,1,5.20,14,7.577,13.820
191,43,2,1,5.20,14,7.577,13.820
191,187,14,1,5.20,14,7.577,13.820
191,178,10,1,5.20,14,7.577,13.820
191,179,10,1,5.20,14,7.577,13.820
191,115,3,1,5.20,14,7.577,13.820
191,26,4,1,5.20,14,7.577,13.820
191,186,10,1,5.20,14,7.577,13.820
191,174,6,1,5.20,14,7.577,13.820
191,86,7,1,5.20,14,7.577,13.820
191,51,3,1,5.20,14,7.577,13.820
191,101,5,1,5.20,14,7.577,13.820
191,65,2,1,5.20,14,7.577,13.820
191,23,2,1,5.20,14,7.577,13.820
191,156,5,1,5.20,14,7.577,13.820
191,90,5,1,5.20,14,7.577,13.820
193,143,5,1,6.40,11,7.592,13.892
193,171,7,1,6.40,11,7.592,13.892
193,146,4,1,6.40,11,7.592,13.892
193,176,9,1,6.40,11,7.592,13.892
193,11,3,1,6.40,11,7.592,13.892
193,175,6,1,6.40,11,7.592,13.892
193,92,9,1,6.40,11,7.592,13.892
193,32,7,1,6.40,11,7.592,13.892
193,150,7,1,6.40,11,7.592,13.892
193,160,7,1,6.40,11,7.592,13.892
193,121,4,1,6.40,11,7.592,13.892
193,90,8,1,6.40,11,7.592,13.892
193,135,8,1,6.40,11,7.592,13.892
193,101,4,1,6.40,11,7.592,13.892
193,154,8,1,6.40,11,7.592,13.892
193,154,8,1,6.40,11,7.592,13.892
193,126,6,1,6.40,11,7.592,13.892
193,144,11,1,6.40,11,7.592,13.892
193,169,3,1,6.40,11,7.592,13.892
193,12,4,1,6.40,11,7.592,13.892
194,19,2,0.1,1.50,2,7.600,13.928
194,15,1,0.1,1.50,2,7.600,13.928
195,19,2,0.15,2.33,3,7.607,13.964
195,101,2,0.15,2.33,3,7.607,13.964
195,64,3,0.15,2.33,3,7.607,13.964
197,10,2,1,4.10,9,7.622,14.036
197,46,2,1,4.10,9,7.622,14.036
197,144,6,1,4.10,9,7.622,14.036
197,112,6,1,4.10,9,7.622,14.036
197,159,9,1,4.10,9,7.622,14.036
197,155,4,1,4.10,9,7.622,14.036
197,60,3,1,4.10,9,7.622,14.036
197,169,7,1,4.10,9,7.622,14.036
197,40,2,1,4.10,9,7.622,14.036
197,99,1,1,4.10,9,7.622,14.036
197,106,4,1,4.10,9,7.622,14.036
197,18,1,1,4.10,9,7.622,14.036
197,174,5,1,4.10,9,7.622,14.036
197,129,7,1,4.10,9,7.622,14.036
197,12,3,1,4.10,9,7.622,14.036
197,53,4,1,4.10,9,7.622,14.036
197,155,4,1,4.10,9,7.622,14.036
197,14,3,1,4.10,9,7.622,14.036
197,66,1,1,4.10,9,7.622,14.036
197,164,8,1,4.10,9,7.622,14.036
199,98,7,1,5.00,9,7.637,14.107
199,188,6,1,5.00,9,7.637,14.107
199,71,4,1,5.00,9,7.637,14.107
199,137,5,1,5.00,9,7.637,14.107
199,58,4,1,5.00,9,7.637,14.107
199,79,4,1,5.00,9,7.637,14.107
199,91,4,1,5.00,9,7.637,14.107
199,143,9,1,5.00,9,7.637,14.107
199,72,3,1,5.00,9,7.637,14.107
199,63,5,1,5.00,9,7.637,14.107
199,31,4,1,5.00,9,7.637,14.107
199,102,2,1,5.00,9,7.637,14.107
199,194,9,1,5.00,9,7.637,14.107
199,196,8,1,5.00,9,7.637,14.107
199,128,4,1,5.00,9,7.637,14.107
199,46,5,1,5.00,9,7.637,14.107
199,97,5,1,5.00,9,7.637,14.107
199,101,3,1,5.00,9,7.637,14.107
199,115,5,1,5.00,9,7.637,14.107
199,128,4,1,5.00,9,7.637,14.107
200,91,6,0.05,6.00,6,7.644,14.142
201,110,5,0.1,5.00,5,7.651,14.177
201,22,5,0.1,5.00,5,7.651,14.177
203,40,4,0.6,3.92,6,7.665,14.248
203,40,4,0.6,3.92,6,7.665,14.248
203,55,2,0.6,3.92,6,7.665,14.248
203,111,3,0.6,3.92,6,7.665,14.248
203,113,3,0.6,3.92,6,7.665,14.248
203,65,5,0.6,3.92,6,7.665,14.248
203,95,4,0.6,3.92,6,7.665,14.248
203,85,4,0.6,3.92,6,7.665,14.248
203,54,4,0.6,3.92,6,7.665,14.248
203,57,4,0.6,3.92,6,7.665,14.248
203,148,6,0.6,3.92,6,7.665,14.248
203,184,4,0.6,3.92,6,7.665,14.248
205,196,12,0.4,7.13,12,7.679,14.318
205,81,4,0.4,7.13,12,7.679,14.318
205,57,3,0.4,7.13,12,7.679,14.318
205,201,9,0.4,7.13,12,7.679,14.318
205,191,9,0.4,7.13,12,7.679,14.318
205,59,7,0.4,7.13,12,7.679,14.318
205,119,5,0.4,7.13,12,7.679,14.318
205,177,8,0.4,7.13,12,7.679,14.318
206,45,3,0.05,3.00,3,7.687,14.353
207,8,1,0.15,2.00,4,7.693,14.387
207,158,4,0.15,2.00,4,7.693,14.387
207,4,1,0.15,2.00,4,7.693,14.387
208,73,2,0.05,2.00,2,7.700,14.422
209,200,8,0.9,4.50,8,7.707,14.457
209,146,6,0.9,4.50,8,7.707,14.457
209,13,3,0.9,4.50,8,7.707,14.457
209,102,7,0.9,4.50,8,7.707,14.457
209,130,4,0.9,4.50,8,7.707,14.457
209,48,4,0.9,4.50,8,7.707,14.457
209,7,1,0.9,4.50,8,7.707,14.457
209,68,4,0.9,4.50,8,7.707,14.457
209,123,5,0.9,4.50,8,7.707,14.457
209,12,2,0.9,4.50,8,7.707,14.457
209,144,4,0.9,4.50,8,7.707,14.457
209,28,2,0.9,4.50,8,7.707,14.457
209,50,6,0.9,4.50,8,7.707,14.457
209,79,3,0.9,4.50,8,7.707,14.457
209,31,3,0.9,4.50,8,7.707,14.457
209,100,8,0.9,4.50,8,7.707,14.457
209,173,6,0.9,4.50,8,7.707,14.457
209,82,5,0.9,4.50,8,7.707,14.457
211,11,4,1,6.20,10,7.721,14.526
211,123,6,1,6.20,10,7.721,14.526
211,118,8,1,6.20,10,7.721,14.526
211,11,4,1,6.20,10,7.721,14.526
211,174,9,1,6.20,10,7.721,14.526
211,59,8,1,6.20,10,7.721,14.526
211,46,7,1,6.20,10,7.721,14.526
211,101,8,1,6.20,10,7.721,14.526
211,74,5,1,6.20,10,7.721,14.526
211,61,6,1,6.20,10,7.721,14.526
211,59,8,1,6.20,10,7.721,14.526
211,142,5,1,6.20,10,7.721,14.526
211,8,3,1,6.20,10,7.721,14.526
211,134,7,1,6.20,10,7.721,14.526
211,31,4,1,6.20,10,7.721,14.526
211,189,8,1,6.20,10,7.721,14.526
211,88,2,1,6.20,10,7.721,14.526
211,195,10,1,6.20,10,7.721,14.526
211,42,7,1,6.20,10,7.721,14.526
211,129,5,1,6.20,10,7.721,14.526
212,95,5,0.05,5.00,5,7.728,14.560
213,5,2,0.15,2.00,2,7.735,14.595
213,43,2,0.15,2.00,2,7.735,14.595
213,160,2,0.15,2.00,2,7.735,14.595
215,13,2,0.35,2.71,5,7.748,14.663
215,9,1,0.35,2.71,5,7.748,14.663
215,28,2,0.35,2.71,5,7.748,14.663
215,74,3,0.35,2.71,5,7.748,14.663
215,138,5,0.35,2.71,5,7.748,14.663
215,111,3,0.35,2.71,5,7.748,14.663
215,82,3,0.35,2.71,5,7.748,14.663
217,142,7,0.5,5.20,8,7.762,14.731
217,208,6,0.5,5.20,8,7.762,14.731
217,163,2,0.5,5.20,8,7.762,14.731
217,74,4,0.5,5.20,8,7.762,14.731
217,136,4,0.5,5.20,8,7.762,14.731
217,207,8,0.5,5.20,8,7.762,14.731
217,199,5,0.5,5.20,8,7.762,14.731
217,111,4,0.5,5.20,8,7.762,14.731
217,60,6,0.5,5.20,8,7.762,14.731
217,40,6,0.5,5.20,8,7.762,14.731
218,53,4,0.1,3.00,4,7.768,14.765
218,97,2,0.1,3.00,4,7.768,14.765
219,206,5,0.35,4.00,5,7.775,14.799
219,139,4,0.35,4.00,5,7.775,14.799
219,118,3,0.35,4.00,5,7.775,14.799
219,176,5,0.35,4.00,5,7.775,14.799
219,166,4,0.35,4.00,5,7.775,14.799
219,47,3,0.35,4.00,5,7.775,14.799
219,62,4,0.35,4.00,5,7.775,14.799
221,67,4,0.75,4.73,11,7.788,14.866
221,38,3,0.75,4.73,11,7.788,14.866
221,74,1,0.75,4.73,11,7.788,14.866
221,177,5,0.75,4.73,11,7.788,14.866
221,172,5,0.75,4.73,11,7.788,14.866
221,42,9,0.75,4.73,11,7.788,14.866
221,166,2,0.75,4.73,11,7.788,14.866
221,139,4,0.75,4.73,11,7.788,14.866
221,107,5,0.75,4.73,11,7.788,14.866
221,7,2,0.75,4.73,11,7.788,14.866
221,112,2,0.75,4.73,11,7.788,14.866
221,207,11,0.75,4.73,11,7.788,14.866
221,205,10,0.75,4.73,11,7.788,14.866
221,125,7,0.75,4.73,11,7.788,14.866
221,74,1,0.75,4.73,11,7.788,14.866
223,72,7,1,5.50,10,7.801,14.933
223,39,3,1,5.50,10,7.801,14.933
223,143,5,1,5.50,10,7.801,14.933
223,196,4,1,5.50,10,7.801,14.933
223,142,4,1,5.50,10,7.801,14.933
223,111,8,1,5.50,10,7.801,14.933
223,54,5,1,5.50,10,7.801,14.933
223,111,8,1,5.50,10,7.801,14.933
223,64,3,1,5.50,10,7.801,14.933
223,118,4,1,5.50,10,7.801,14.933
223,163,8,1,5.50,10,7.801,14.933
223,220,9,1,5.50,10,7.801,14.933
223,196,4,1,5.50,10,7.801,14.933
223,5,2,1,5.50,10,7.801,14.933
223,36,4,1,5.50,10,7.801,14.933
223,161,10,1,5.50,10,7.801,14.933
223,152,6,1,5.50,10,7.801,14.933
223,104,6,1,5.50,10,7.801,14.933
223,78,3,1,5.50,10,7.801,14.933
223,96,7,1,5.50,10,7.801,14.933
225,197,3,0.05,3.00,3,7.814,15.000
227,62,3,1,4.60,8,7.827,15.067
227,145,5,1,4.60,8,7.827,15.067
227,117,3,1,4.60,8,7.827,15.067
227,97,5,1,4.60,8,7.827,15.067
227,57,1,1,4.60,8,7.827,15.067
227,177,7,1,4.60,8,7.827,15.067
227,206,7,1,4.60,8,7.827,15.067
227,182,6,1,4.60,8,7.827,15.067
227,164,3,1,4.60,8,7.827,15.067
227,222,8,1,4.60,8,7.827,15.067
227,42,4,1,4.60,8,7.827,15.067
227,154,6,1,4.60,8,7.827,15.067
227,66,6,1,4.60,8,7.827,15.067
227,159,4,1,4.60,8,7.827,15.067
227,97,5,1,4.60,8,7.827,15.067
227,60,4,1,4.60,8,7.827,15.067
227,171,3,1,4.60,8,7.827,15.067
227,101,2,1,4.60,8,7.827,15.067
227,81,5,1,4.60,8,7.827,15.067
227,22,5,1,4.60,8,7.827,15.067
229,92,4,1,5.20,9,7.839,15.133
229,55,2,1,5.20,9,7.839,15.133
229,150,4,1,5.20,9,7.839,15.133
229,85,3,1,5.20,9,7.839,15.133
229,221,9,1,5.20,9,7.839,15.133
229,199,9,1,5.20,9,7.839,15.133
229,109,7,1,5.20,9,7.839,15.133
229,150,4,1,5.20,9,7.839,15.133
229,64,5,1,5.20,9,7.839,15.133
229,93,4,1,5.20,9,7.839,15.133
229,136,5,1,5.20,9,7.839,15.133
229,217,8,1,5.20,9,7.839,15.133
229,87,6,1,5.20,9,7.839,15.133
229,188,7,1,5.20,9,7.839,15.133
229,62,4,1,5.20,9,7.839,15.133
229,184,6,1,5.20,9,7.839,15.133
229,93,4,1,5.20,9,7.839,15.133
229,161,5,1,5.20,9,7.839,15.133
229,105,5,1,5.20,9,7.839,15.133
229,153,3,1,5.20,9,7.839,15.133
230,11,1,0.1,1.00,1,7.845,15.166
230,11,1,0.1,1.00,1,7.845,15.166
231,29,1,0.2,3.50,5,7.852,15.199
231,208,5,0.2,3.50,5,7.852,15.199
231,185,4,0.2,3.50,5,7.852,15.199
231,185,4,0.2,3.50,5,7.852,15.199
233,45,3,1,5.45,12,7.864,15.264
233,145,8,1,5.45,12,7.864,15.264
233,86,5,1,5.45,12,7.864,15.264
233,95,7,1,5.45,12,7.864,15.264
233,203,7,1,5.45,12,7.864,15.264
233,186,5,1,5.45,12,7.864,15.264
233,113,5,1,5.45,12,7.864,15.264
233,162,6,1,5.45,12,7.864,15.264
233,216,12,1,5.45,12,7.864,15.264
233,71,4,1,5.45,12,7.864,15.264
233,115,8,1,5.45,12,7.864,15.264
233,229,8,1,5.45,12,7.864,15.264
233,27,5,1,5.45,12,7.864,15.264
233,6,1,1,5.45,12,7.864,15.264
233,136,2,1,5.45,12,7.864,15.264
233,175,2,1,5.45,12,7.864,15.264
233,220,8,1,5.45,12,7.864,15.264
233,119,3,1,5.45,12,7.864,15.264
233,45,3,1,5.45,12,7.864,15.264
233,75,7,1,5.45,12,7.864,15.264
235,107,7,0.35,5.71,10,7.877,15.330
235,223,10,0.35,5.71,10,7.877,15.330
235,82,5,0.35,5.71,10,7.877,15.330
235,36,4,0.35,5.71,10,7.877,15.330
235,98,2,0.35,5.71,10,7.877,15.330
235,213,4,0.35,5.71,10,7.877,15.330
235,187,8,0.35,5.71,10,7.877,15.330
237,61,2,0.15,3.00,6,7.889,15.395
237,226,6,0.15,3.00,6,7.889,15.395
237,7,1,0.15,3.00,6,7.889,15.395
239,231,9,1,4.75,9,7.901,15.460
239,212,7,1,4.75,9,7.901,15.460
239,181,4,1,4.75,9,7.901,15.460
239,61,2,1,4.75,9,7.901,15.460
239,99,4,1,4.75,9,7.901,15.460
239,53,5,1,4.75,9,7.901,15.460
239,170,5,1,4.75,9,7.901,15.460
239,191,6,1,4.75,9,7.901,15.460
239,102,5,1,4.75,9,7.901,15.460
239,115,7,1,4.75,9,7.901,15.460
239,202,8,1,4.75,9,7.901,15.460
239,30,1,1,4.75,9,7.901,15.460
239,128,3,1,4.75,9,7.901,15.460
239,112,6,1,4.75,9,7.901,15.460
239,5,1,1,4.75,9,7.901,15.460
239,144,3,1,4.75,9,7.901,15.460
239,200,4,1,4.75,9,7.901,15.460
239,157,4,1,4.75,9,7.901,15.460
239,98,5,1,4.75,9,7.901,15.460
239,203,6,1,4.75,9,7.901,15.460
241,120,17,1,7.15,17,7.913,15.524
241,103,7,1,7.15,17,7.913,15.524
241,4,3,1,7.15,17,7.913,15.524
241,182,6,1,7.15,17,7.913,15.524
241,49,4,1,7.15,17,7.913,15.524
241,108,7,1,7.15,17,7.913,15.524
241,78,6,1,7.15,17,7.913,15.524
241,182,6,1,7.15,17,7.913,15.524
241,94,6,1,7.15,17,7.913,15.524
241,104,6,1,7.15,17,7.913,15.524
241,98,6,1,7.15,17,7.913,15.524
241,29,8,1,7.15,17,7.913,15.524
241,182,6,1,7.15,17,7.913,15.524
241,30,9,1,7.15,17,7.913,15.524
241,173,10,1,7.15,17,7.913,15.524
241,217,7,1,7.15,17,7.913,15.524
241,102,8,1,7.15,17,7.913,15.524
241,28,2,1,7.15,17,7.913,15.524
241,179,11,1,7.15,17,7.913,15.524
241,216,8,1,7.15,17,7.913,15.524
242,29,4,0.1,3.00,4,7.919,15.556
242,7,2,0.1,3.00,4,7.919,15.556
243,184,4,0.3,4.67,6,7.925,15.588
243,13,2,0.3,4.67,6,7.925,15.588
243,190,5,0.3,4.67,6,7.925,15.588
243,230,6,0.3,4.67,6,7.925,15.588
243,229,6,0.3,4.67,6,7.925,15.588
243,70,5,0.3,4.67,6,7.925,15.588
245,138,3,0.35,4.71,7,7.937,15.652
245,228,5,0.35,4.71,7,7.937,15.652
245,23,3,0.35,4.71,7,7.937,15.652
245,234,7,0.35,4.71,7,7.937,15.652
245,206,6,0.35,4.71,7,7.937,15.652
245,156,5,0.35,4.71,7,7.937,15.652
245,97,4,0.35,4.71,7,7.937,15.652
247,137,7,0.85,6.24,10,7.948,15.716
247,162,10,0.85,6.24,10,7.948,15.716
247,70,4,0.85,6.24,10,7.948,15.716
247,116,6,0.85,6.24,10,7.948,15.716
247,115,7,0.85,6.24,10,7.948,15.716
247,205,9,0.85,6.24,10,7.948,15.716
247,155,5,0.85,6.24,10,7.948,15.716
247,97,4,0.85,6.24,10,7.948,15.716
247,235,9,0.85,6.24,10,7.948,15.716
247,33,3,0.85,6.24,10,7.948,15.716
247,127,5,0.85,6.24,10,7.948,15.716
247,217,7,0.85,6.24,10,7.948,15.716
247,232,8,0.85,6.24,10,7.948,15.716
247,2,1,0.85,6.24,10,7.948,15.716
247,93,6,0.85,6.24,10,7.948,15.716
247,157,6,0.85,6.24,10,7.948,15.716
247,214,9,0.85,6.24,10,7.948,15.716
248,3,1,0.05,1.00,1,7.954,15.748
249,5,1,0.05,1.00,1,7.960,15.780
251,246,9,1,4.95,9,7.972,15.843
251,137,3,1,4.95,9,7.972,15.843
251,11,2,1,4.95,9,7.972,15.843
251,107,5,1,4.95,9,7.972,15.843
251,179,6,1,4.95,9,7.972,15.843
251,218,7,1,4.95,9,7.972,15.843
251,157,2,1,4.95,9,7.972,15.843
251,28,1,1,4.95,9,7.972,15.843
251,214,8,1,4.95,9,7.972,15.843
251,102,5,1,4.95,9,7.972,15.843
251,245,9,1,4.95,9,7.972,15.843
251,81,4,1,4.95,9,7.972,15.843
251,30,4,1,4.95,9,7.972,15.843
251,92,5,1,4.95,9,7.972,15.843
251,111,6,1,4.95,9,7.972,15.843
251,147,3,1,4.95,9,7.972,15.843
251,115,4,1,4.95,9,7.972,15.843
251,79,3,1,4.95,9,7.972,15.843
251,234,7,1,4.95,9,7.972,15.843
251,160,6,1,4.95,9,7.972,15.843
253,90,3,0.9,6.39,11,7.983,15.906
253,222,5,0.9,6.39,11,7.983,15.906
253,131,5,0.9,6.39,11,7.983,15.906
253,199,6,0.9,6.39,11,7.983,15.906
253,9,4,0.9,6.39,11,7.983,15.906
253,47,5,0.9,6.39,11,7.983,15.906
253,206,7,0.9,6.39,11,7.983,15.906
253,10,5,0.9,6.39,11,7.983,15.906
253,89,7,0.9,6.39,11,7.983,15.906
253,247,11,0.9,6.39,11,7.983,15.906
253,158,7,0.9,6.39,11,7.983,15.906
253,90,3,0.9,6.39,11,7.983,15.906
253,93,6,0.9,6.39,11,7.983,15.906
253,156,11,0.9,6.39,11,7.983,15.906
253,214,9,0.9,6.39,11,7.983,15.906
253,7,4,0.9,6.39,11,7.983,15.906
253,199,6,0.9,6.39,11,7.983,15.906
253,104,11,0.9,6.39,11,7.983,15.906
254,37,2,0.15,1.67,2,7.989,15.937
254,51,1,0.15,1.67,2,7.989,15.937
254,61,2,0.15,1.67,2,7.989,15.937
255,8,1,0.05,1.00,1,7.994,15.969
257,11,3,1,5.10,8,8.006,16.031
257,197,6,1,5.10,8,8.006,16.031
257,39,5,1,5.10,8,8.006,16.031
257,221,8,1,5.10,8,8.006,16.031
257,91,5,1,5.10,8,8.006,16.031
257,8,3,1,5.10,8,8.006,16.031
257,250,8,1,5.10,8,8.006,16.031
257,218,8,1,5.10,8,8.006,16.031
257,135,3,1,5.10,8,8.006,16.031
257,152,6,1,5.10,8,8.006,16.031
257,245,6,1,5.10,8,8.006,16.031
257,88,3,1,5.10,8,8.006,16.031
257,181,6,1,5.10,8,8.006,16.031
257,20,2,1,5.10,8,8.006,16.031
257,187,7,1,5.10,8,8.006,16.031
257,231,6,1,5.10,8,8.006,16.031
257,20,2,1,5.10,8,8.006,16.031
257,132,3,1,5.10,8,8.006,16.031
257,157,8,1,5.10,8,8.006,16.031
257,136,4,1,5.10,8,8.006,16.031
259,166,4,0.85,3.76,10,8.017,16.093
259,234,7,0.85,3.76,10,8.017,16.093
259,247,7,0.85,3.76,10,8.017,16.093
259,197,4,0.85,3.76,10,8.017,16.093
259,87,2,0.85,3.76,10,8.017,16.093
259,89,3,0.85,3.76,10,8.017,16.093
259,135,3,0.85,3.76,10,8.017,16.093
259,136,2,0.85,3.76,10,8.017,16.093
259,132,2,0.85,3.76,10,8.017,16.093
259,53,3,0.85,3.76,10,8.017,16.093
259,34,2,0.85,3.76,10,8.017,16.093
259,10,1,0.85,3.76,10,8.017,16.093
259,110,5,0.85,3.76,10,8.017,16.093
259,57,2,0.85,3.76,10,8.017,16.093
259,86,4,0.85,3.76,10,8.017,16.093
259,67,3,0.85,3.76,10,8.017,16.093
259,240,10,0.85,3.76,10,8.017,16.093
263,86,9,1,4.35,9,8.039,16.217
263,209,5,1,4.35,9,8.039,16.217
263,157,5,1,4.35,9,8.039,16.217
263,23,5,1,4.35,9,8.039,16.217
263,117,2,1,4.35,9,8.039,16.217
263,137,2,1,4.35,9,8.039,16.217
263,144,3,1,4.35,9,8.039,16.217
263,171,4,1,4.35,9,8.039,16.217
263,37,2,1,4.35,9,8.039,16.217
263,255,7,1,4.35,9,8.039,16.217
263,119,4,1,4.35,9,8.039,16.217
263,55,2,1,4.35,9,8.039,16.217
263,190,3,1,4.35,9,8.039,16.217
263,211,4,1,4.35,9,8.039,16.217
263,83,6,1,4.35,9,8.039,16.217
263,105,8,1,4.35,9,8.039,16.217
263,67,3,1,4.35,9,8.039,16.217
263,48,3,1,4.35,9,8.039,16.217
263,190,3,1,4.35,9,8.039,16.217
263,235,7,1,4.35,9,8.039,16.217
265,74,3,0.4,4.13,6,8.050,16.279
265,143,4,0.4,4.13,6,8.050,16.279
265,112,3,0.4,4.13,6,8.050,16.279
265,102,6,0.4,4.13,6,8.050,16.279
265,111,3,0.4,4.13,6,8.050,16.279
265,148,3,0.4,4.13,6,8.050,16.279
265,41,5,0.4,4.13,6,8.050,16.279
265,176,6,0.4,4.13,6,8.050,16.279
267,217,3,0.1,2.00,3,8.061,16.340
267,4,1,0.1,2.00,3,8.061,16.340
269,264,10,1,5.50,10,8.071,16.401
269,164,5,1,5.50,10,8.071,16.401
269,219,6,1,5.50,10,8.071,16.401
269,169,5,1,5.50,10,8.071,16.401
269,179,8,1,5.50,10,8.071,16.401
269,201,8,1,5.50,10,8.071,16.401
269,188,8,1,5.50,10,8.071,16.401
269,227,5,1,5.50,10,8.071,16.401
269,217,7,1,5.50,10,8.071,16.401
269,227,5,1,5.50,10,8.071,16.401
269,93,2,1,5.50,10,8.071,16.401
269,113,4,1,5.50,10,8.071,16.401
269,50,3,1,5.50,10,8.071,16.401
269,226,6,1,5.50,10,8.071,16.401
269,18,1,1,5.50,10,8.071,16.401
269,137,2,1,5.50,10,8.071,16.401
269,254,8,1,5.50,10,8.071,16.401
269,56,3,1,5.50,10,8.071,16.401
269,231,8,1,5.50,10,8.071,16.401
269,221,6,1,5.50,10,8.071,16.401
271,233,7,1,4.50,10,8.082,16.462
271,141,3,1,4.50,10,8.082,16.462
271,163,3,1,4.50,10,8.082,16.462
271,24,2,1,4.50,10,8.082,16.462
271,82,5,1,4.50,10,8.082,16.462
271,116,5,1,4.50,10,8.082,16.462
271,259,10,1,4.50,10,8.082,16.462
271,12,3,1,4.50,10,8.082,16.462
271,118,4,1,4.50,10,8.082,16.462
271,136,1,1,4.50,10,8.082,16.462
271,42,4,1,4.50,10,8.082,16.462
271,31,2,1,4.50,10,8.082,16.462
271,181,3,1,4.50,10,8.082,16.462
271,69,3,1,4.50,10,8.082,16.462
271,121,4,1,4.50,10,8.082,16.462
271,149,7,1,4.50,10,8.082,16.462
271,233,7,1,4.50,10,8.082,16.462
271,154,4,1,4.50,10,8.082,16.462
271,230,9,1,4.50,10,8.082,16.462
271,85,4,1,4.50,10,8.082,16.462
272,91,1,0.05,1.00,1,8.087,16.492
273,149,3,0.1,2.50,3,8.093,16.523
273,205,2,0.1,2.50,3,8.093,16.523
275,138,1,0.3,3.00,6,8.103,16.583
275,41,2,0.3,3.00,6,8.103,16.583
275,34,3,0.3,3.00,6,8.103,16.583
275,177,4,0.3,3.00,6,8.103,16.583
275,232,6,0.3,3.00,6,8.103,16.583
275,86,2,0.3,3.00,6,8.103,16.583
277,38,5,1,6.20,12,8.114,16.643
277,216,6,1,6.20,12,8.114,16.643
277,266,8,1,6.20,12,8.114,16.643
277,187,5,1,6.20,12,8.114,16.643
277,175,6,1,6.20,12,8.114,16.643
277,120,8,1,6.20,12,8.114,16.643
277,259,11,1,6.20,12,8.114,16.643
277,271,12,1,6.20,12,8.114,16.643
277,9,2,1,6.20,12,8.114,16.643
277,222,6,1,6.20,12,8.114,16.643
277,211,5,1,6.20,12,8.114,16.643
277,46,7,1,6.20,12,8.114,16.643
277,59,5,1,6.20,12,8.114,16.643
277,222,6,1,6.20,12,8.114,16.643
277,176,6,1,6.20,12,8.114,16.643
277,152,5,1,6.20,12,8.114,16.643
277,219,8,1,6.20,12,8.114,16.643
277,47,4,1,6.20,12,8.114,16.643
277,187,5,1,6.20,12,8.114,16.643
277,94,4,1,6.20,12,8.114,16.643
279,7,1,0.1,2.50,4,8.124,16.703
279,212,4,0.1,2.50,4,8.124,16.703
281,157,5,0.95,5.16,9,8.134,16.763
281,138,8,0.95,5.16,9,8.134,16.763
281,215,6,0.95,5.16,9,8.134,16.763
281,32,3,0.95,5.16,9,8.134,16.763
281,254,9,0.95,5.16,9,8.134,16.763
281,82,2,0.95,5.16,9,8.134,16.763
281,159,5,0.95,5.16,9,8.134,16.763
281,110,6,0.95,5.16,9,8.134,16.763
281,2,1,0.95,5.16,9,8.134,16.763
281,5,3,0.95,5.16,9,8.134,16.763
281,261,6,0.95,5.16,9,8.134,16.763
281,88,3,0.95,5.16,9,8.134,16.763
281,170,7,0.95,5.16,9,8.134,16.763
281,193,7,0.95,5.16,9,8.134,16.763
281,226,6,0.95,5.16,9,8.134,16.763
281,189,6,0.95,5.16,9,8.134,16.763
281,181,7,0.95,5.16,9,8.134,16.763
281,95,3,0.95,5.16,9,8.134,16.763
281,102,5,0.95,5.16,9,8.134,16.763
283,167,6,1,5.00,8,8.145,16.823
283,142,1,1,5.00,8,8.145,16.823
283,48,3,1,5.00,8,8.145,16.823
283,235,6,1,5.00,8,8.145,16.823
283,192,7,1,5.00,8,8.145,16.823
283,98,4,1,5.00,8,8.145,16.823
283,14,4,1,5.00,8,8.145,16.823
283,147,4,1,5.00,8,8.145,16.823
283,72,3,1,5.00,8,8.145,16.823
283,224,8,1,5.00,8,8.145,16.823
283,87,6,1,5.00,8,8.145,16.823
283,189,3,1,5.00,8,8.145,16.823
283,184,4,1,5.00,8,8.145,16.823
283,250,5,1,5.00,8,8.145,16.823
283,251,8,1,5.00,8,8.145,16.823
283,250,5,1,5.00,8,8.145,16.823
283,87,6,1,5.00,8,8.145,16.823
283,229,7,1,5.00,8,8.145,16.823
283,167,6,1,5.00,8,8.145,16.823
283,214,4,1,5.00,8,8.145,16.823
284,43,3,0.05,3.00,3,8.150,16.852
285,41,2,0.05,2.00,2,8.155,16.882
286,41,1,0.05,1.00,1,8.160,16.912
287,145,2,0.6,4.83,11,8.165,16.941
287,286,11,0.6,4.83,11,8.165,16.941
287,145,2,0.6,4.83,11,8.165,16.941
287,132,6,0.6,4.83,11,8.165,16.941
287,50,3,0.6,4.83,11,8.165,16.941
287,214,7,0.6,4.83,11,8.165,16.941
287,124,6,0.6,4.83,11,8.165,16.941
287,54,3,0.6,4.83,11,8.165,16.941
287,186,6,0.6,4.83,11,8.165,16.941
287,208,5,0.6,4.83,11,8.165,16.941
287,79,3,0.6,4.83,11,8.165,16.941
287,151,4,0.6,4.83,11,8.165,16.941
289,3,2,0.75,5.87,9,8.175,17.000
289,38,6,0.75,5.87,9,8.175,17.000
289,127,7,0.75,5.87,9,8.175,17.000
289,157,6,0.75,5.87,9,8.175,17.000
289,96,8,0.75,5.87,9,8.175,17.000
289,24,3,0.75,5.87,9,8.175,17.000
289,194,5,0.75,5.87,9,8.175,17.000
289,9,4,0.75,5.87,9,8.175,17.000
289,263,8,0.75,5.87,9,8.175,17.000
289,265,5,0.75,5.87,9,8.175,17.000
289,250,8,0.75,5.87,9,8.175,17.000
289,232,9,0.75,5.87,9,8.175,17.000
289,74,3,0.75,5.87,9,8.175,17.000
289,205,5,0.75,5.87,9,8.175,17.000
289,137,9,0.75,5.87,9,8.175,17.000
291,274,9,0.15,6.00,9,8.185,17.059
291,230,8,0.15,6.00,9,8.185,17.059
291,146,1,0.15,6.00,9,8.185,17.059
293,285,7,1,5.25,10,8.195,17.117
293,9,3,1,5.25,10,8.195,17.117
293,74,2,1,5.25,10,8.195,17.117
293,282,9,1,5.25,10,8.195,17.117
293,195,7,1,5.25,10,8.195,17.117
293,190,5,1,5.25,10,8.195,17.117
293,292,10,1,5.25,10,8.195,17.117
293,246,6,1,5.25,10,8.195,17.117
293,146,7,1,5.25,10,8.195,17.117
293,102,3,1,5.25,10,8.195,17.117
293,40,4,1,5.25,10,8.195,17.117
293,122,5,1,5.25,10,8.195,17.117
293,193,5,1,5.25,10,8.195,17.117
293,228,5,1,5.25,10,8.195,17.117
293,107,4,1,5.25,10,8.195,17.117
293,169,5,1,5.25,10,8.195,17.117
293,73,4,1,5.25,10,8.195,17.117
293,77,3,1,5.25,10,8.195,17.117
293,97,6,1,5.25,10,8.195,17.117
293,200,5,1,5.25,10,8.195,17.117
294,59,1,0.05,1.00,1,8.200,17.146
295,194,5,0.5,4.50,8,8.205,17.176
295,149,3,0.5,4.50,8,8.205,17.176
295,101,2,0.5,4.50,8,8.205,17.176
295,81,6,0.5,4.50,8,8.205,17.176
295,56,4,0.5,4.50,8,8.205,17.176
295,243,6,0.5,4.50,8,8.205,17.176
295,186,4,0.5,4.50,8,8.205,17.176
295,146,8,0.5,4.50,8,8.205,17.176
295,136,5,0.5,4.50,8,8.205,17.176
295,23,2,0.5,4.50,8,8.205,17.176
296,103,3,0.05,3.00,3,8.209,17.205
297,41,4,0.05,4.00,4,8.214,17.234
299,172,4,0.95,5.84,13,8.224,17.292
299,170,4,0.95,5.84,13,8.224,17.292
299,93,8,0.95,5.84,13,8.224,17.292
299,71,6,0.95,5.84,13,8.224,17.292
299,204,6,0.95,5.84,13,8.224,17.292
299,252,6,0.95,5.84,13,8.224,17.292
299,199,7,0.95,5.84,13,8.224,17.292
299,51,3,0.95,5.84,13,8.224,17.292
299,79,4,0.95,5.84,13,8.224,17.292
299,149,9,0.95,5.84,13,8.224,17.292
299,124,8,0.95,5.84,13,8.224,17.292
299,248,5,0.95,5.84,13,8.224,17.292
299,197,4,0.95,5.84,13,8.224,17.292
299,179,8,0.95,5.84,13,8.224,17.292
299,3,1,0.95,5.84,13,8.224,17.292
299,41,3,0.95,5.84,13,8.224,17.292
299,237,5,0.95,5.84,13,8.224,17.292
299,294,13,0.95,5.84,13,8.224,17.292
299,185,7,0.95,5.84,13,8.224,17.292
300,43,1,0.05,1.00,1,8.229,17.321
301,61,4,0.55,6.45,10,8.234,17.349
301,159,6,0.55,6.45,10,8.234,17.349
301,235,7,0.55,6.45,10,8.234,17.349
301,159,6,0.55,6.45,10,8.234,17.349
301,102,5,0.55,6.45,10,8.234,17.349
301,233,8,0.55,6.45,10,8.234,17.349
301,206,6,0.55,6.45,10,8.234,17.349
301,106,6,0.55,6.45,10,8.234,17.349
301,148,10,0.55,6.45,10,8.234,17.349
301,103,4,0.55,6.45,10,8.234,17.349
301,195,9,0.55,6.45,10,8.234,17.349
303,163,3,0.3,2.00,3,8.243,17.407
303,29,2,0.3,2.00,3,8.243,17.407
303,232,3,0.3,2.00,3,8.243,17.407
303,46,2,0.3,2.00,3,8.243,17.407
303,38,1,0.3,2.00,3,8.243,17.407
303,2,1,0.3,2.00,3,8.243,17.407
305,104,3,0.4,5.00,10,8.253,17.464
305,281,5,0.4,5.00,10,8.253,17.464
305,297,10,0.4,5.00,10,8.253,17.464
305,201,6,0.4,5.00,10,8.253,17.464
305,44,2,0.4,5.00,10,8.253,17.464
305,86,4,0.4,5.00,10,8.253,17.464
305,134,6,0.4,5.00,10,8.253,17.464
305,119,4,0.4,5.00,10,8.253,17.464
307,10,3,1,5.90,14,8.262,17.521
307,269,5,1,5.90,14,8.262,17.521
307,172,6,1,5.90,14,8.262,17.521
307,159,2,1,5.90,14,8.262,17.521
307,89,9,1,5.90,14,8.262,17.521
307,168,6,1,5.90,14,8.262,17.521
307,254,11,1,5.90,14,8.262,17.521
307,173,5,1,5.90,14,8.262,17.521
307,23,6,1,5.90,14,8.262,17.521
307,154,1,1,5.90,14,8.262,17.521
307,149,8,1,5.90,14,8.262,17.521
307,35,5,1,5.90,14,8.262,17.521
307,150,6,1,5.90,14,8.262,17.521
307,247,4,1,5.90,14,8.262,17.521
307,287,14,1,5.90,14,8.262,17.521
307,32,5,1,5.90,14,8.262,17.521
307,282,5,1,5.90,14,8.262,17.521
307,256,4,1,5.90,14,8.262,17.521
307,143,5,1,5.90,14,8.262,17.521
307,235,8,1,5.90,14,8.262,17.521
309,169,3,0.05,3.00,3,8.271,17.578
311,157,2,1,3.70,6,8.281,17.635
311,32,3,1,3.70,6,8.281,17.635
311,127,3,1,3.70,6,8.281,17.635
311,157,2,1,3.70,6,8.281,17.635
311,150,5,1,3.70,6,8.281,17.635
311,216,3,1,3.70,6,8.281,17.635
311,60,5,1,3.70,6,8.281,17.635
311,256,6,1,3.70,6,8.281,17.635
311,282,6,1,3.70,6,8.281,17.635
311,2,1,1,3.70,6,8.281,17.635
311,174,5,1,3.70,6,8.281,17.635
311,265,5,1,3.70,6,8.281,17.635
311,96,4,1,3.70,6,8.281,17.635
311,5,2,1,3.70,6,8.281,17.635
311,114,5,1,3.70,6,8.281,17.635
311,158,3,1,3.70,6,8.281,17.635
311,114,5,1,3.70,6,8.281,17.635
311,187,3,1,3.70,6,8.281,17.635
311,39,1,1,3.70,6,8.281,17.635
311,84,5,1,3.70,6,8.281,17.635
313,85,6,0.95,6.84,14,8.290,17.692
313,303,12,0.95,6.84,14,8.290,17.692
313,281,8,0.95,6.84,14,8.290,17.692
313,298,14,0.95,6.84,14,8.290,17.692
313,35,2,0.95,6.84,14,8.290,17.692
313,223,8,0.95,6.84,14,8.290,17.692
313,311,12,0.95,6.84,14,8.290,17.692
313,5,2,0.95,6.84,14,8.290,17.692
313,246,4,0.95,6.84,14,8.290,17.692
313,169,7,0.95,6.84,14,8.290,17.692
313,11,4,0.95,6.84,14,8.290,17.692
313,264,8,0.95,6.84,14,8.290,17.692
313,207,11,0.95,6.84,14,8.290,17.692
313,77,6,0.95,6.84,14,8.290,17.692
313,132,6,0.95,6.84,14,8.290,17.692
313,287,5,0.95,6.84,14,8.290,17.692
313,215,7,0.95,6.84,14,8.290,17.692
313,79,3,0.95,6.84,14,8.290,17.692
313,211,5,0.95,6.84,14,8.290,17.692
314,39,4,0.2,2.75,4,8.295,17.720
314,49,3,0.2,2.75,4,8.295,17.720
314,21,1,0.2,2.75,4,8.295,17.720
314,37,3,0.2,2.75,4,8.295,17.720
315,29,2,0.1,4.50,7,8.299,17.748
315,298,7,0.1,4.50,7,8.299,17.748
317,305,10,1,6.80,12,8.308,17.804
317,87,5,1,6.80,12,8.308,17.804
317,63,7,1,6.80,12,8.308,17.804
317,149,6,1,6.80,12,8.308,17.804
317,276,7,1,6.80,12,8.308,17.804
317,44,6,1,6.80,12,8.308,17.804
317,297,10,1,6.80,12,8.308,17.804
317,70,5,1,6.80,12,8.308,17.804
317,79,6,1,6.80,12,8.308,17.804
317,295,5,1,6.80,12,8.308,17.804
317,305,10,1,6.80,12,8.308,17.804
317,255,6,1,6.80,12,8.308,17.804
317,268,6,1,6.80,12,8.308,17.804
317,134,5,1,6.80,12,8.308,17.804
317,90,6,1,6.80,12,8.308,17.804
317,264,12,1,6.80,12,8.308,17.804
317,26,4,1,6.80,12,8.308,17.804
317,152,8,1,6.80,12,8.308,17.804
317,204,7,1,6.80,12,8.308,17.804
317,175,5,1,6.80,12,8.308,17.804
319,100,3,0.85,4.71,13,8.317,17.861
319,249,4,0.85,4.71,13,8.317,17.861
319,161,3,0.85,4.71,13,8.317,17.861
319,249,4,0.85,4.71,13,8.317,17.861
319,207,5,0.85,4.71,13,8.317,17.861
319,104,6,0.85,4.71,13,8.317,17.861
319,4,1,0.85,4.71,13,8.317,17.861
319,306,8,0.85,4.71,13,8.317,17.861
319,313,13,0.85,4.71,13,8.317,17.861
319,18,2,0.85,4.71,13,8.317,17.861
319,46,3,0.85,4.71,13,8.317,17.861
319,14,3,0.85,4.71,13,8.317,17.861
319,105,6,0.85,4.71,13,8.317,17.861
319,85,4,0.85,4.71,13,8.317,17.861
319,148,5,0.85,4.71,13,8.317,17.861
319,225,8,0.85,4.71,13,8.317,17.861
319,27,2,0.85,4.71,13,8.317,17.861
321,259,8,0.05,8.00,8,8.326,17.916
323,44,4,0.8,5.06,10,8.335,17.972
323,322,10,0.8,5.06,10,8.335,17.972
323,74,3,0.8,5.06,10,8.335,17.972
323,25,2,0.8,5.06,10,8.335,17.972
323,94,5,0.8,5.06,10,8.335,17.972
323,217,5,0.8,5.06,10,8.335,17.972
323,300,9,0.8,5.06,10,8.335,17.972
323,158,5,0.8,5.06,10,8.335,17.972
323,240,9,0.8,5.06,10,8.335,17.972
323,243,3,0.8,5.06,10,8.335,17.972
323,319,8,0.8,5.06,10,8.335,17.972
323,39,4,0.8,5.06,10,8.335,17.972
323,127,4,0.8,5.06,10,8.335,17.972
323,13,2,0.8,5.06,10,8.335,17.972
323,299,6,0.8,5.06,10,8.335,17.972
323,47,2,0.8,5.06,10,8.335,17.972
324,25,1,0.1,1.00,1,8.340,18.000
324,5,1,0.1,1.00,1,8.340,18.000
325,109,2,0.2,4.25,7,8.344,18.028
325,289,7,0.2,4.25,7,8.344,18.028
325,164,3,0.2,4.25,7,8.344,18.028
325,149,5,0.2,4.25,7,8.344,18.028
326,7,2,0.05,2.00,2,8.349,18.055
329,103,3,0.65,3.54,6,8.362,18.138
329,249,5,0.65,3.54,6,8.362,18.138
329,29,6,0.65,3.54,6,8.362,18.138
329,10,1,0.65,3.54,6,8.362,18.138
329,202,5,0.65,3.54,6,8.362,18.138
329,6,1,0.65,3.54,6,8.362,18.138
329,268,4,0.65,3.54,6,8.362,18.138
329,99,3,0.65,3.54,6,8.362,18.138
329,46,3,0.65,3.54,6,8.362,18.138
329,121,3,0.65,3.54,6,8.362,18.138
329,195,5,0.65,3.54,6,8.362,18.138
329,225,4,0.65,3.54,6,8.362,18.138
329,9,3,0.65,3.54,6,8.362,18.138
331,241,9,1,6.65,9,8.371,18.193
331,150,6,1,6.65,9,8.371,18.193
331,25,6,1,6.65,9,8.371,18.193
331,91,6,1,6.65,9,8.371,18.193
331,42,3,1,6.65,9,8.371,18.193
331,276,4,1,6.65,9,8.371,18.193
331,311,8,1,6.65,9,8.371,18.193
331,197,8,1,6.65,9,8.371,18.193
331,274,9,1,6.65,9,8.371,18.193
331,260,8,1,6.65,9,8.371,18.193
331,136,9,1,6.65,9,8.371,18.193
331,241,9,1,6.65,9,8.371,18.193
331,138,2,1,6.65,9,8.371,18.193
331,301,9,1,6.65,9,8.371,18.193
331,252,6,1,6.65,9,8.371,18.193
331,130,6,1,6.65,9,8.371,18.193
331,81,6,1,6.65,9,8.371,18.193
331,82,9,1,6.65,9,8.371,18.193
331,176,4,1,6.65,9,8.371,18.193
331,53,6,1,6.65,9,8.371,18.193
332,9,1,0.15,3.33,5,8.375,18.221
332,161,5,0.15,3.33,5,8.375,18.221
332,151,4,0.15,3.33,5,8.375,18.221
333,200,3,0.05,3.00,3,8.379,18.248
335,314,11,0.4,4.50,11,8.388,18.303
335,126,4,0.4,4.50,11,8.388,18.303
335,8,1,0.4,4.50,11,8.388,18.303
335,132,4,0.4,4.50,11,8.388,18.303
335,182,4,0.4,4.50,11,8.388,18.303
335,312,7,0.4,4.50,11,8.388,18.303
335,187,3,0.4,4.50,11,8.388,18.303
335,113,2,0.4,4.50,11,8.388,18.303
337,145,8,1,5.90,9,8.397,18.358
337,168,9,1,5.90,9,8.397,18.358
337,67,6,1,5.90,9,8.397,18.358
337,28,4,1,5.90,9,8.397,18.358
337,103,6,1,5.90,9,8.397,18.358
337,256,3,1,5.90,9,8.397,18.358
337,299,5,1,5.90,9,8.397,18.358
337,199,7,1,5.90,9,8.397,18.358
337,193,6,1,5.90,9,8.397,18.358
337,78,5,1,5.90,9,8.397,18.358
337,82,6,1,5.90,9,8.397,18.358
337,204,6,1,5.90,9,8.397,18.358
337,266,6,1,5.90,9,8.397,18.358
337,321,8,1,5.90,9,8.397,18.358
337,134,6,1,5.90,9,8.397,18.358
337,306,8,1,5.90,9,8.397,18.358
337,194,5,1,5.90,9,8.397,18.358
337,38,4,1,5.90,9,8.397,18.358
337,20,3,1,5.90,9,8.397,18.358
337,140,7,1,5.90,9,8.397,18.358
339,182,4,0.35,4.57,7,8.405,18.412
339,215,5,0.35,4.57,7,8.405,18.412
339,257,4,0.35,4.57,7,8.405,18.412
339,265,4,0.35,4.57,7,8.405,18.412
339,8,2,0.35,4.57,7,8.405,18.412
339,277,6,0.35,4.57,7,8.405,18.412
339,221,7,0.35,4.57,7,8.405,18.412
341,195,3,0.9,5.44,14,8.414,18.466
341,83,5,0.9,5.44,14,8.414,18.466
341,272,5,0.9,5.44,14,8.414,18.466
341,316,8,0.9,5.44,14,8.414,18.466
341,270,3,0.9,5.44,14,8.414,18.466
341,293,9,0.9,5.44,14,8.414,18.466
341,45,2,0.9,5.44,14,8.414,18.466
341,337,14,0.9,5.44,14,8.414,18.466
341,79,6,0.9,5.44,14,8.414,18.466
341,81,4,0.9,5.44,14,8.414,18.466
341,123,5,0.9,5.44,14,8.414,18.466
341,49,2,0.9,5.44,14,8.414,18.466
341,232,6,0.9,5.44,14,8.414,18.466
341,50,2,0.9,5.44,14,8.414,18.466
341,232,6,0.9,5.44,14,8.414,18.466
341,117,3,0.9,5.44,14,8.414,18.466
341,296,12,0.9,5.44,14,8.414,18.466
341,78,3,0.9,5.44,14,8.414,18.466
343,101,4,0.45,4.11,7,8.422,18.520
343,34,5,0.45,4.11,7,8.422,18.520
343,186,4,0.45,4.11,7,8.422,18.520
343,333,7,0.45,4.11,7,8.422,18.520
343,69,2,0.45,4.11,7,8.422,18.520
343,230,3,0.45,4.11,7,8.422,18.520
343,75,4,0.45,4.11,7,8.422,18.520
343,264,4,0.45,4.11,7,8.422,18.520
343,75,4,0.45,4.11,7,8.422,18.520
347,238,5,1,5.90,13,8.439,18.628
347,116,1,1,5.90,13,8.439,18.628
347,74,5,1,5.90,13,8.439,18.628
347,111,6,1,5.90,13,8.439,18.628
347,149,6,1,5.90,13,8.439,18.628
347,101,6,1,5.90,13,8.439,18.628
347,96,6,1,5.90,13,8.439,18.628
347,325,13,1,5.90,13,8.439,18.628
347,239,6,1,5.90,13,8.439,18.628
347,26,4,1,5.90,13,8.439,18.628
347,324,12,1,5.90,13,8.439,18.628
347,326,7,1,5.90,13,8.439,18.628
347,312,10,1,5.90,13,8.439,18.628
347,214,3,1,5.90,13,8.439,18.628
347,42,4,1,5.90,13,8.439,18.628
347,212,7,1,5.90,13,8.439,18.628
347,116,1,1,5.90,13,8.439,18.628
347,324,12,1,5.90,13,8.439,18.628
347,60,3,1,5.90,13,8.439,18.628
347,174,1,1,5.90,13,8.439,18.628
349,166,12,1,6.60,12,8.447,18.682
349,311,7,1,6.60,12,8.447,18.682
349,119,4,1,6.60,12,8.447,18.682
349,116,11,1,6.60,12,8.447,18.682
349,86,12,1,6.60,12,8.447,18.682
349,24,4,1,6.60,12,8.447,18.682
349,181,3,1,6.60,12,8.447,18.682
349,327,11,1,6.60,12,8.447,18.682
349,253,7,1,6.60,12,8.447,18.682
349,178,2,1,6.60,12,8.447,18.682
349,17,4,1,6.60,12,8.447,18.682
349,106,7,1,6.60,12,8.447,18.682
349,98,10,1,6.60,12,8.447,18.682
349,6,2,1,6.60,12,8.447,18.682
349,117,2,1,6.60,12,8.447,18.682
349,296,10,1,6.60,12,8.447,18.682
349,13,2,1,6.60,12,8.447,18.682
349,142,6,1,6.60,12,8.447,18.682
349,166,12,1,6.60,12,8.447,18.682
349,276,4,1,6.60,12,8.447,18.682
351,176,1,0.1,2.50,4,8.455,18.735
351,281,4,0.1,2.50,4,8.455,18.735
353,242,6,1,5.90,11,8.464,18.788
353,195,5,1,5.90,11,8.464,18.788
353,322,11,1,5.90,11,8.464,18.788
353,93,6,1,5.90,11,8.464,18.788
353,149,7,1,5.90,11,8.464,18.788
353,295,7,1,5.90,11,8.464,18.788
353,299,9,1,5.90,11,8.464,18.788
353,23,5,1,5.90,11,8.464,18.788
353,21,3,1,5.90,11,8.464,18.788
353,217,8,1,5.90,11,8.464,18.788
353,205,7,1,5.90,11,8.464,18.788
353,183,7,1,5.90,11,8.464,18.788
353,114,3,1,5.90,11,8.464,18.788
353,103,2,1,5.90,11,8.464,18.788
353,17,3,1,5.90,11,8.464,18.788
353,265,2,1,5.90,11,8.464,18.788
353,335,9,1,5.90,11,8.464,18.788
353,142,6,1,5.90,11,8.464,18.788
353,224,8,1,5.90,11,8.464,18.788
353,236,4,1,5.90,11,8.464,18.788
355,139,4,0.2,4.00,6,8.472,18.841
355,186,3,0.2,4.00,6,8.472,18.841
355,333,6,0.2,4.00,6,8.472,18.841
355,233,3,0.2,4.00,6,8.472,18.841
356,51,1,0.05,1.00,1,8.476,18.868
359,145,5,1,4.65,8,8.488,18.947
359,297,8,1,4.65,8,8.488,18.947
359,38,4,1,4.65,8,8.488,18.947
359,272,4,1,4.65,8,8.488,18.947
359,33,2,1,4.65,8,8.488,18.947
359,303,5,1,4.65,8,8.488,18.947
359,339,8,1,4.65,8,8.488,18.947
359,287,7,1,4.65,8,8.488,18.947
359,266,5,1,4.65,8,8.488,18.947
359,52,2,1,4.65,8,8.488,18.947
359,117,5,1,4.65,8,8.488,18.947
359,230,3,1,4.65,8,8.488,18.947
359,309,8,1,4.65,8,8.488,18.947
359,330,6,1,4.65,8,8.488,18.947
359,36,1,1,4.65,8,8.488,18.947
359,167,6,1,4.65,8,8.488,18.947
359,240,3,1,4.65,8,8.488,18.947
359,133,2,1,4.65,8,8.488,18.947
359,265,6,1,4.65,8,8.488,18.947
359,183,3,1,4.65,8,8.488,18.947
361,21,5,1,6.95,14,8.496,19.000
361,198,7,1,6.95,14,8.496,19.000
361,177,12,1,6.95,14,8.496,19.000
361,315,14,1,6.95,14,8.496,19.000
361,59,4,1,6.95,14,8.496,19.000
361,166,9,1,6.95,14,8.496,19.000
361,61,5,1,6.95,14,8.496,19.000
361,39,6,1,6.95,14,8.496,19.000
361,130,6,1,6.95,14,8.496,19.000
361,106,6,1,6.95,14,8.496,19.000
361,118,8,1,6.95,14,8.496,19.000
361,210,5,1,6.95,14,8.496,19.000
361,103,7,1,6.95,14,8.496,19.000
361,145,7,1,6.95,14,8.496,19.000
361,134,6,1,6.95,14,8.496,19.000
361,10,6,1,6.95,14,8.496,19.000
361,102,6,1,6.95,14,8.496,19.000
361,231,6,1,6.95,14,8.496,19.000
361,150,7,1,6.95,14,8.496,19.000
361,104,7,1,6.95,14,8.496,19.000
362,161,2,0.05,2.00,2,8.500,19.026
363,205,3,0.3,2.33,3,8.504,19.053
363,49,3,0.3,2.33,3,8.504,19.053
363,92,3,0.3,2.33,3,8.504,19.053
363,182,1,0.3,2.33,3,8.504,19.053
363,82,3,0.3,2.33,3,8.504,19.053
363,28,1,0.3,2.33,3,8.504,19.053
365,274,2,0.55,4.09,7,8.512,19.105
365,177,7,0.55,4.09,7,8.512,19.105
365,92,2,0.55,4.09,7,8.512,19.105
365,31,3,0.55,4.09,7,8.512,19.105
365,236,7,0.55,4.09,7,8.512,19.105
365,298,5,0.55,4.09,7,8.512,19.105
365,259,7,0.55,4.09,7,8.512,19.105
365,274,2,0.55,4.09,7,8.512,19.105
365,141,5,0.55,4.09,7,8.512,19.105
365,16,2,0.55,4.09,7,8.512,19.105
365,123,3,0.55,4.09,7,8.512,19.105
367,338,9,1,5.45,12,8.520,19.157
367,97,5,1,5.45,12,8.520,19.157
367,229,7,1,5.45,12,8.520,19.157
367,263,7,1,5.45,12,8.520,19.157
367,137,6,1,5.45,12,8.520,19.157
367,153,2,1,5.45,12,8.520,19.157
367,167,7,1,5.45,12,8.520,19.157
367,284,7,1,5.45,12,8.520,19.157
367,130,2,1,5.45,12,8.520,19.157
367,210,3,1,5.45,12,8.520,19.157
367,126,4,1,5.45,12,8.520,19.157
367,78,2,1,5.45,12,8.520,19.157
367,287,5,1,5.45,12,8.520,19.157
367,230,5,1,5.45,12,8.520,19.157
367,193,6,1,5.45,12,8.520,19.157
367,92,1,1,5.45,12,8.520,19.157
367,305,8,1,5.45,12,8.520,19.157
367,110,5,1,5.45,12,8.520,19.157
367,363,12,1,5.45,12,8.520,19.157
367,160,6,1,5.45,12,8.520,19.157
369,277,2,0.2,6.25,10,8.527,19.209
369,364,10,0.2,6.25,10,8.527,19.209
369,334,7,0.2,6.25,10,8.527,19.209
369,301,6,0.2,6.25,10,8.527,19.209
371,176,5,0.55,6.09,9,8.535,19.261
371,353,8,0.55,6.09,9,8.535,19.261
371,247,7,0.55,6.09,9,8.535,19.261
371,345,9,0.55,6.09,9,8.535,19.261
371,188,3,0.55,6.09,9,8.535,19.261
371,291,7,0.55,6.09,9,8.535,19.261
371,352,6,0.55,6.09,9,8.535,19.261
371,286,3,0.55,6.09,9,8.535,19.261
371,220,6,0.55,6.09,9,8.535,19.261
371,353,8,0.55,6.09,9,8.535,19.261
371,121,5,0.55,6.09,9,8.535,19.261
373,48,2,1,5.65,13,8.543,19.313
373,230,7,1,5.65,13,8.543,19.313
373,261,9,1,5.65,13,8.543,19.313
373,185,6,1,5.65,13,8.543,19.313
373,308,5,1,5.65,13,8.543,19.313
373,38,4,1,5.65,13,8.543,19.313
373,90,4,1,5.65,13,8.543,19.313
373,142,6,1,5.65,13,8.543,19.313
373,47,3,1,5.65,13,8.543,19.313
373,182,5,1,5.65,13,8.543,19.313
373,93,8,1,5.65,13,8.543,19.313
373,35,3,1,5.65,13,8.543,19.313
373,266,7,1,5.65,13,8.543,19.313
373,343,6,1,5.65,13,8.543,19.313
373,223,4,1,5.65,13,8.543,19.313
373,230,7,1,5.65,13,8.543,19.313
373,12,2,1,5.65,13,8.543,19.313
373,370,13,1,5.65,13,8.543,19.313
373,310,10,1,5.65,13,8.543,19.313
373,15,2,1,5.65,13,8.543,19.313
374,125,1,0.15,3.67,6,8.547,19.339
374,93,6,0.15,3.67,6,8.547,19.339
374,81,4,0.15,3.67,6,8.547,19.339
375,367,9,0.05,9.00,9,8.551,19.365
377,187,8,0.65,5.15,8,8.558,19.416
377,241,5,0.65,5.15,8,8.558,19.416
377,339,8,0.65,5.15,8,8.558,19.416
377,239,3,0.65,5.15,8,8.558,19.416
377,64,2,0.65,5.15,8,8.558,19.416
377,162,6,0.65,5.15,8,8.558,19.416
377,157,5,0.65,5.15,8,8.558,19.416
377,250,6,0.65,5.15,8,8.558,19.416
377,165,4,0.65,5.15,8,8.558,19.416
377,335,7,0.65,5.15,8,8.558,19.416
377,271,5,0.65,5.15,8,8.558,19.416
377,209,5,0.65,5.15,8,8.558,19.416
377,152,3,0.65,5.15,8,8.558,19.416
379,26,4,1,7.80,18,8.566,19.468
379,299,10,1,7.80,18,8.566,19.468
379,33,4,1,7.80,18,8.566,19.468
379,195,4,1,7.80,18,8.566,19.468
379,144,7,1,7.80,18,8.566,19.468
379,181,12,1,7.80,18,8.566,19.468
379,15,4,1,7.80,18,8.566,19.468
379,371,16,1,7.80,18,8.566,19.468
379,220,4,1,7.80,18,8.566,19.468
379,45,5,1,7.80,18,8.566,19.468
379,147,5,1,7.80,18,8.566,19.468
379,106,6,1,7.80,18,8.566,19.468
379,183,8,1,7.80,18,8.566,19.468
379,267,10,1,7.80,18,8.566,19.468
379,222,5,1,7.80,18,8.566,19.468
379,364,6,1,7.80,18,8.566,19.468
379,144,7,1,7.80,18,8.566,19.468
379,311,8,1,7.80,18,8.566,19.468
379,365,13,1,7.80,18,8.566,19.468
379,377,18,1,7.80,18,8.566,19.468
383,299,6,1,5.55,10,8.581,19.570
383,32,1,1,5.55,10,8.581,19.570
383,138,5,1,5.55,10,8.581,19.570
383,221,5,1,5.55,10,8.581,19.570
383,324,6,1,5.55,10,8.581,19.570
383,189,10,1,5.55,10,8.581,19.570
383,224,4,1,5.55,10,8.581,19.570
383,212,7,1,5.55,10,8.581,19.570
383,338,5,1,5.55,10,8.581,19.570
383,125,6,1,5.55,10,8.581,19.570
383,134,3,1,5.55,10,8.581,19.570
383,315,8,1,5.55,10,8.581,19.570
383,110,3,1,5.55,10,8.581,19.570
383,91,5,1,5.55,10,8.581,19.570
383,232,6,1,5.55,10,8.581,19.570
383,262,5,1,5.55,10,8.581,19.570
383,358,8,1,5.55,10,8.581,19.570
383,333,7,1,5.55,10,8.581,19.570
383,334,8,1,5.55,10,8.581,19.570
383,14,3,1,5.55,10,8.581,19.570
384,5,1,0.1,1.00,1,8.585,19.596
384,77,1,0.1,1.00,1,8.585,19.596
385,257,3,0.1,3.00,3,8.589,19.621
385,107,3,0.1,3.00,3,8.589,19.621
386,43,1,0.1,1.50,2,8.592,19.647
386,79,2,0.1,1.50,2,8.592,19.647
387,317,6,0.1,5.50,6,8.596,19.672
387,322,5,0.1,5.50,6,8.596,19.672
389,152,3,1,4.75,8,8.604,19.723
389,386,8,1,4.75,8,8.604,19.723
389,168,7,1,4.75,8,8.604,19.723
389,386,8,1,4.75,8,8.604,19.723
389,3,1,1,4.75,8,8.604,19.723
389,120,5,1,4.75,8,8.604,19.723
389,225,6,1,4.75,8,8.604,19.723
389,18,3,1,4.75,8,8.604,19.723
389,85,4,1,4.75,8,8.604,19.723
389,308,3,1,4.75,8,8.604,19.723
389,304,4,1,4.75,8,8.604,19.723
389,76,3,1,4.75,8,8.604,19.723
389,76,3,1,4.75,8,8.604,19.723
389,277,7,1,4.75,8,8.604,19.723
389,230,6,1,4.75,8,8.604,19.723
389,149,4,1,4.75,8,8.604,19.723
389,79,2,1,4.75,8,8.604,19.723
389,241,5,1,4.75,8,8.604,19.723
389,290,8,1,4.75,8,8.604,19.723
389,111,5,1,4.75,8,8.604,19.723
390,61,3,0.05,3.00,3,8.607,19.748
391,326,4,0.85,5.71,11,8.611,19.774
391,29,3,0.85,5.71,11,8.611,19.774
391,233,6,0.85,5.71,11,8.611,19.774
391,386,11,0.85,5.71,11,8.611,19.774
391,155,6,0.85,5.71,11,8.611,19.774
391,295,3,0.85,5.71,11,8.611,19.774
391,308,6,0.85,5.71,11,8.611,19.774
391,341,10,0.85,5.71,11,8.611,19.774
391,63,5,0.85,5.71,11,8.611,19.774
391,145,4,0.85,5.71,11,8.611,19.774
391,44,3,0.85,5.71,11,8.611,19.774
391,380,9,0.85,5.71,11,8.611,19.774
391,333,8,0.85,5.71,11,8.611,19.774
391,240,6,0.85,5.71,11,8.611,19.774
391,203,3,0.85,5.71,11,8.611,19.774
391,194,9,0.85,5.71,11,8.611,19.774
391,98,1,0.85,5.71,11,8.611,19.774
393,344,3,0.05,3.00,3,8.618,19.824
394,19,2,0.15,2.33,3,8.622,19.849
394,59,3,0.15,2.33,3,8.622,19.849
394,19,2,0.15,2.33,3,8.622,19.849
395,11,1,0.5,3.00,6,8.626,19.875
395,29,2,0.5,3.00,6,8.626,19.875
395,152,5,0.5,3.00,6,8.626,19.875
395,3,1,0.5,3.00,6,8.626,19.875
395,18,1,0.5,3.00,6,8.626,19.875
395,169,5,0.5,3.00,6,8.626,19.875
395,346,4,0.5,3.00,6,8.626,19.875
395,12,1,0.5,3.00,6,8.626,19.875
395,167,4,0.5,3.00,6,8.626,19.875
395,274,6,0.5,3.00,6,8.626,19.875
397,180,5,1,8.00,12,8.633,19.925
397,7,2,1,8.00,12,8.633,19.925
397,258,10,1,8.00,12,8.633,19.925
397,207,6,1,8.00,12,8.633,19.925
397,330,12,1,8.00,12,8.633,19.925
397,268,5,1,8.00,12,8.633,19.925
397,358,11,1,8.00,12,8.633,19.925
397,98,7,1,8.00,12,8.633,19.925
397,95,8,1,8.00,12,8.633,19.925
397,243,10,1,8.00,12,8.633,19.925
397,378,10,1,8.00,12,8.633,19.925
397,130,10,1,8.00,12,8.633,19.925
397,87,4,1,8.00,12,8.633,19.925
397,366,7,1,8.00,12,8.633,19.925
397,122,7,1,8.00,12,8.633,19.925
397,330,12,1,8.00,12,8.633,19.925
397,247,8,1,8.00,12,8.633,19.925
397,263,11,1,8.00,12,8.633,19.925
397,146,7,1,8.00,12,8.633,19.925
397,108,8,1,8.00,12,8.633,19.925
398,197,7,0.1,6.50,7,8.637,19.950
398,193,6,0.1,6.50,7,8.637,19.950
399,356,7,0.2,5.00,7,8.640,19.975
399,356,7,0.2,5.00,7,8.640,19.975
399,250,3,0.2,5.00,7,8.640,19.975
399,218,3,0.2,5.00,7,8.640,19.975
401,397,12,1,6.90,12,8.647,20.025
401,246,5,1,6.90,12,8.647,20.025
401,60,7,1,6.90,12,8.647,20.025
401,180,6,1,6.90,12,8.647,20.025
401,162,7,1,6.90,12,8.647,20.025
401,96,5,1,6.90,12,8.647,20.025
401,284,8,1,6.90,12,8.647,20.025
401,50,11,1,6.90,12,8.647,20.025
401,385,10,1,6.90,12,8.647,20.025
401,158,4,1,6.90,12,8.647,20.025
401,329,8,1,6.90,12,8.647,20.025
401,216,3,1,6.90,12,8.647,20.025
401,133,7,1,6.90,12,8.647,20.025
401,313,12,1,6.90,12,8.647,20.025
401,255,9,1,6.90,12,8.647,20.025
401,314,6,1,6.90,12,8.647,20.025
401,135,3,1,6.90,12,8.647,20.025
401,137,5,1,6.90,12,8.647,20.025
401,214,4,1,6.90,12,8.647,20.025
401,262,6,1,6.90,12,8.647,20.025
403,131,4,0.95,5.58,10,8.655,20.075
403,99,8,0.95,5.58,10,8.655,20.075
403,235,8,0.95,5.58,10,8.655,20.075
403,367,10,0.95,5.58,10,8.655,20.075
403,211,4,0.95,5.58,10,8.655,20.075
403,15,2,0.95,5.58,10,8.655,20.075
403,105,4,0.95,5.58,10,8.655,20.075
403,187,6,0.95,5.58,10,8.655,20.075
403,20,4,0.95,5.58,10,8.655,20.075
403,371,7,0.95,5.58,10,8.655,20.075
403,140,4,0.95,5.58,10,8.655,20.075
403,275,5,0.95,5.58,10,8.655,20.075
403,88,3,0.95,5.58,10,8.655,20.075
403,379,7,0.95,5.58,10,8.655,20.075
403,61,4,0.95,5.58,10,8.655,20.075
403,146,5,0.95,5.58,10,8.655,20.075
403,134,8,0.95,5.58,10,8.655,20.075
403,191,7,0.95,5.58,10,8.655,20.075
403,175,6,0.95,5.58,10,8.655,20.075
404,185,5,0.05,5.00,5,8.658,20.100
405,362,8,0.2,7.25,10,8.662,20.125
405,394,10,0.2,7.25,10,8.662,20.125
405,53,5,0.2,7.25,10,8.662,20.125
405,337,6,0.2,7.25,10,8.662,20.125
407,326,4,0.65,6.08,10,8.669,20.174
407,127,5,0.65,6.08,10,8.669,20.174
407,288,8,0.65,6.08,10,8.669,20.174
407,261,4,0.65,6.08,10,8.669,20.174
407,359,6,0.65,6.08,10,8.669,20.174
407,172,8,0.65,6.08,10,8.669,20.174
407,3,1,0.65,6.08,10,8.669,20.174
407,128,6,0.65,6.08,10,8.669,20.174
407,353,10,0.65,6.08,10,8.669,20.174
407,329,4,0.65,6.08,10,8.669,20.174
407,335,6,0.65,6.08,10,8.669,20.174
407,195,7,0.65,6.08,10,8.669,20.174
407,349,10,0.65,6.08,10,8.669,20.174
409,149,4,1,5.30,9,8.676,20.224
409,94,4,1,5.30,9,8.676,20.224
409,326,8,1,5.30,9,8.676,20.224
409,90,2,1,5.30,9,8.676,20.224
409,335,8,1,5.30,9,8.676,20.224
409,50,2,1,5.30,9,8.676,20.224
409,369,7,1,5.30,9,8.676,20.224
409,405,9,1,5.30,9,8.676,20.224
409,179,5,1,5.30,9,8.676,20.224
409,183,5,1,5.30,9,8.676,20.224
409,30,4,1,5.30,9,8.676,20.224
409,140,4,1,5.30,9,8.676,20.224
409,155,7,1,5.30,9,8.676,20.224
409,52,5,1,5.30,9,8.676,20.224
409,279,5,1,5.30,9,8.676,20.224
409,136,7,1,5.30,9,8.676,20.224
409,135,6,1,5.30,9,8.676,20.224
409,26,5,1,5.30,9,8.676,20.224
409,226,6,1,5.30,9,8.676,20.224
409,308,3,1,5.30,9,8.676,20.224
413,185,4,0.45,4.89,9,8.690,20.322
413,16,2,0.45,4.89,9,8.690,20.322
413,405,9,0.45,4.89,9,8.690,20.322
413,360,8,0.45,4.89,9,8.690,20.322
413,8,2,0.45,4.89,9,8.690,20.322
413,339,8,0.45,4.89,9,8.690,20.322
413,41,4,0.45,4.89,9,8.690,20.322
413,36,4,0.45,4.89,9,8.690,20.322
413,232,3,0.45,4.89,9,8.690,20.322
414,5,1,0.05,1.00,1,8.693,20.347
415,63,2,0.2,3.00,4,8.697,20.372
415,232,3,0.2,3.00,4,8.697,20.372
415,38,3,0.2,3.00,4,8.697,20.372
415,323,4,0.2,3.00,4,8.697,20.372
419,75,3,1,5.90,11,8.711,20.469
419,400,11,1,5.90,11,8.711,20.469
419,114,4,1,5.90,11,8.711,20.469
419,103,5,1,5.90,11,8.711,20.469
419,51,3,1,5.90,11,8.711,20.469
419,77,4,1,5.90,11,8.711,20.469
419,286,4,1,5.90,11,8.711,20.469
419,376,6,1,5.90,11,8.711,20.469
419,195,5,1,5.90,11,8.711,20.469
419,239,4,1,5.90,11,8.711,20.469
419,353,10,1,5.90,11,8.711,20.469
419,95,6,1,5.90,11,8.711,20.469
419,183,6,1,5.90,11,8.711,20.469
419,128,9,1,5.90,11,8.711,20.469
419,400,11,1,5.90,11,8.711,20.469
419,291,3,1,5.90,11,8.711,20.469
419,200,7,1,5.90,11,8.711,20.469
419,408,9,1,5.90,11,8.711,20.469
419,246,6,1,5.90,11,8.711,20.469
419,131,2,1,5.90,11,8.711,20.469
421,196,16,0.95,8.42,16,8.718,20.518
421,307,6,0.95,8.42,16,8.718,20.518
421,383,6,0.95,8.42,16,8.718,20.518
421,224,6,0.95,8.42,16,8.718,20.518
421,167,15,0.95,8.42,16,8.718,20.518
421,125,5,0.95,8.42,16,8.718,20.518
421,122,7,0.95,8.42,16,8.718,20.518
421,51,12,0.95,8.42,16,8.718,20.518
421,403,12,0.95,8.42,16,8.718,20.518
421,193,5,0.95,8.42,16,8.718,20.518
421,253,5,0.95,8.42,16,8.718,20.518
421,278,10,0.95,8.42,16,8.718,20.518
421,375,6,0.95,8.42,16,8.718,20.518
421,363,8,0.95,8.42,16,8.718,20.518
421,250,5,0.95,8.42,16,8.718,20.518
421,420,16,0.95,8.42,16,8.718,20.518
421,232,4,0.95,8.42,16,8.718,20.518
421,77,9,0.95,8.42,16,8.718,20.518
421,22,7,0.95,8.42,16,8.718,20.518
422,145,5,0.05,5.00,5,8.721,20.543
423,116,5,0.2,4.25,5,8.725,20.567
423,214,3,0.2,4.25,5,8.725,20.567
423,256,5,0.2,4.25,5,8.725,20.567
423,41,4,0.2,4.25,5,8.725,20.567
424,191,5,0.05,5.00,5,8.728,20.591
425,216,3,0.3,5.33,7,8.731,20.616
425,294,7,0.3,5.33,7,8.731,20.616
425,352,5,0.3,5.33,7,8.731,20.616
425,382,6,0.3,5.33,7,8.731,20.616
425,138,7,0.3,5.33,7,8.731,20.616
425,116,4,0.3,5.33,7,8.731,20.616
427,339,7,0.55,6.64,11,8.738,20.664
427,274,8,0.55,6.64,11,8.738,20.664
427,43,3,0.55,6.64,11,8.738,20.664
427,317,10,0.55,6.64,11,8.738,20.664
427,81,7,0.55,6.64,11,8.738,20.664
427,417,6,0.55,6.64,11,8.738,20.664
427,363,6,0.55,6.64,11,8.738,20.664
427,348,9,0.55,6.64,11,8.738,20.664
427,330,4,0.55,6.64,11,8.738,20.664
427,3,2,0.55,6.64,11,8.738,20.664
427,372,11,0.55,6.64,11,8.738,20.664
428,49,2,0.05,2.00,2,8.741,20.688
429,122,3,0.15,4.67,7,8.745,20.712
429,245,4,0.15,4.67,7,8.745,20.712
429,409,7,0.15,4.67,7,8.745,20.712
431,27,1,1,4.45,10,8.752,20.761
431,179,7,1,4.45,10,8.752,20.761
431,331,4,1,4.45,10,8.752,20.761
431,108,1,1,4.45,10,8.752,20.761
431,33,3,1,4.45,10,8.752,20.761
431,26,3,1,4.45,10,8.752,20.761
431,42,3,1,4.45,10,8.752,20.761
431,393,7,1,4.45,10,8.752,20.761
431,33,3,1,4.45,10,8.752,20.761
431,250,7,1,4.45,10,8.752,20.761
431,327,4,1,4.45,10,8.752,20.761
431,385,6,1,4.45,10,8.752,20.761
431,75,3,1,4.45,10,8.752,20.761
431,352,5,1,4.45,10,8.752,20.761
431,359,10,1,4.45,10,8.752,20.761
431,248,3,1,4.45,10,8.752,20.761
431,353,6,1,4.45,10,8.752,20.761
431,7,2,1,4.45,10,8.752,20.761
431,313,5,1,4.45,10,8.752,20.761
431,372,6,1,4.45,10,8.752,20.761
433,55,2,1,5.35,9,8.758,20.809
433,120,5,1,5.35,9,8.758,20.809
433,47,4,1,5.35,9,8.758,20.809
433,203,6,1,5.35,9,8.758,20.809
433,233,4,1,5.35,9,8.758,20.809
433,123,6,1,5.35,9,8.758,20.809
433,182,6,1,5.35,9,8.758,20.809
433,62,1,1,5.35,9,8.758,20.809
433,319,8,1,5.35,9,8.758,20.809
433,359,9,1,5.35,9,8.758,20.809
433,41,6,1,5.35,9,8.758,20.809
433,72,5,1,5.35,9,8.758,20.809
433,329,6,1,5.35,9,8.758,20.809
433,356,8,1,5.35,9,8.758,20.809
433,229,6,1,5.35,9,8.758,20.809
433,358,5,1,5.35,9,8.758,20.809
433,108,6,1,5.35,9,8.758,20.809
433,259,5,1,5.35,9,8.758,20.809
433,168,5,1,5.35,9,8.758,20.809
433,262,4,1,5.35,9,8.758,20.809
434,15,1,0.05,1.00,1,8.762,20.833
435,109,1,0.05,1.00,1,8.765,20.857
436,157,3,0.05,3.00,3,8.768,20.881
437,288,8,0.95,6.84,10,8.771,20.905
437,71,8,0.95,6.84,10,8.771,20.905
437,177,7,0.95,6.84,10,8.771,20.905
437,185,7,0.95,6.84,10,8.771,20.905
437,280,4,0.95,6.84,10,8.771,20.905
437,424,8,0.95,6.84,10,8.771,20.905
437,77,5,0.95,6.84,10,8.771,20.905
437,268,6,0.95,6.84,10,8.771,20.905
437,336,7,0.95,6.84,10,8.771,20.905
437,409,10,0.95,6.84,10,8.771,20.905
437,109,8,0.95,6.84,10,8.771,20.905
437,43,6,0.95,6.84,10,8.771,20.905
437,314,8,0.95,6.84,10,8.771,20.905
437,99,5,0.95,6.84,10,8.771,20.905
437,86,6,0.95,6.84,10,8.771,20.905
437,248,7,0.95,6.84,10,8.771,20.905
437,349,4,0.95,6.84,10,8.771,20.905
437,238,6,0.95,6.84,10,8.771,20.905
437,355,10,0.95,6.84,10,8.771,20.905
439,354,6,1,5.85,12,8.778,20.952
439,78,4,1,5.85,12,8.778,20.952
439,273,6,1,5.85,12,8.778,20.952
439,137,7,1,5.85,12,8.778,20.952
439,129,5,1,5.85,12,8.778,20.952
439,396,8,1,5.85,12,8.778,20.952
439,100,4,1,5.85,12,8.778,20.952
439,418,9,1,5.85,12,8.778,20.952
439,70,3,1,5.85,12,8.778,20.952
439,428,12,1,5.85,12,8.778,20.952
439,89,3,1,5.85,12,8.778,20.952
439,388,7,1,5.85,12,8.778,20.952
439,216,7,1,5.85,12,8.778,20.952
439,34,3,1,5.85,12,8.778,20.952
439,49,2,1,5.85,12,8.778,20.952
439,218,7,1,5.85,12,8.778,20.952
439,274,7,1,5.85,12,8.778,20.952
439,134,5,1,5.85,12,8.778,20.952
439,341,7,1,5.85,12,8.778,20.952
439,415,5,1,5.85,12,8.778,20.952
443,124,7,1,6.65,12,8.791,21.048
443,249,7,1,6.65,12,8.791,21.048
443,400,9,1,6.65,12,8.791,21.048
443,9,4,1,6.65,12,8.791,21.048
443,259,5,1,6.65,12,8.791,21.048
443,158,6,1,6.65,12,8.791,21.048
443,121,5,1,6.65,12,8.791,21.048
443,325,5,1,6.65,12,8.791,21.048
443,273,8,1,6.65,12,8.791,21.048
443,241,6,1,6.65,12,8.791,21.048
443,338,7,1,6.65,12,8.791,21.048
443,251,7,1,6.65,12,8.791,21.048
443,428,12,1,6.65,12,8.791,21.048
443,240,2,1,6.65,12,8.791,21.048
443,391,7,1,6.65,12,8.791,21.048
443,430,9,1,6.65,12,8.791,21.048
443,110,7,1,6.65,12,8.791,21.048
443,432,7,1,6.65,12,8.791,21.048
443,339,6,1,6.65,12,8.791,21.048
443,342,7,1,6.65,12,8.791,21.048
445,126,6,0.35,5.86,11,8.798,21.095
445,59,5,0.35,5.86,11,8.798,21.095
445,22,5,0.35,5.86,11,8.798,21.095
445,154,5,0.35,5.86,11,8.798,21.095
445,331,11,0.35,5.86,11,8.798,21.095
445,4,3,0.35,5.86,11,8.798,21.095
445,372,6,0.35,5.86,11,8.798,21.095
447,14,1,0.2,1.50,2,8.804,21.142
447,13,2,0.2,1.50,2,8.804,21.142
447,41,2,0.2,1.50,2,8.804,21.142
447,16,1,0.2,1.50,2,8.804,21.142
449,410,8,1,5.65,10,8.811,21.190
449,57,3,1,5.65,10,8.811,21.190
449,404,10,1,5.65,10,8.811,21.190
449,255,6,1,5.65,10,8.811,21.190
449,110,7,1,5.65,10,8.811,21.190
449,276,5,1,5.65,10,8.811,21.190
449,304,5,1,5.65,10,8.811,21.190
449,425,6,1,5.65,10,8.811,21.190
449,411,6,1,5.65,10,8.811,21.190
449,60,4,1,5.65,10,8.811,21.190
449,111,8,1,5.65,10,8.811,21.190
449,70,3,1,5.65,10,8.811,21.190
449,77,3,1,5.65,10,8.811,21.190
449,381,8,1,5.65,10,8.811,21.190
449,140,9,1,5.65,10,8.811,21.190
449,72,5,1,5.65,10,8.811,21.190
449,418,7,1,5.65,10,8.811,21.190
449,152,3,1,5.65,10,8.811,21.190
449,340,4,1,5.65,10,8.811,21.190
449,42,3,1,5.65,10,8.811,21.190
451,376,4,0.9,6.28,10,8.817,21.237
451,252,7,0.9,6.28,10,8.817,21.237
451,25,4,0.9,6.28,10,8.817,21.237
451,166,5,0.9,6.28,10,8.817,21.237
451,277,9,0.9,6.28,10,8.817,21.237
451,224,10,0.9,6.28,10,8.817,21.237
451,126,7,0.9,6.28,10,8.817,21.237
451,312,7,0.9,6.28,10,8.817,21.237
451,321,8,0.9,6.28,10,8.817,21.237
451,32,4,0.9,6.28,10,8.817,21.237
451,240,4,0.9,6.28,10,8.817,21.237
451,333,9,0.9,6.28,10,8.817,21.237
451,318,8,0.9,6.28,10,8.817,21.237
451,157,6,0.9,6.28,10,8.817,21.237
451,29,3,0.9,6.28,10,8.817,21.237
451,314,6,0.9,6.28,10,8.817,21.237
451,208,7,0.9,6.28,10,8.817,21.237
451,406,5,0.9,6.28,10,8.817,21.237
452,153,3,0.05,3.00,3,8.820,21.260
453,278,7,0.25,6.00,8,8.823,21.284
453,284,4,0.25,6.00,8,8.823,21.284
453,229,3,0.25,6.00,8,8.823,21.284
453,352,8,0.25,6.00,8,8.823,21.284
453,446,8,0.25,6.00,8,8.823,21.284
454,37,3,0.05,3.00,3,8.827,21.307
455,76,1,0.25,2.80,5,8.830,21.331
455,57,1,0.25,2.80,5,8.830,21.331
455,64,2,0.25,2.80,5,8.830,21.331
455,313,5,0.25,2.80,5,8.830,21.331
455,356,5,0.25,2.80,5,8.830,21.331
457,432,12,1,7.25,12,8.836,21.378
457,265,8,1,7.25,12,8.836,21.378
457,223,7,1,7.25,12,8.836,21.378
457,151,9,1,7.25,12,8.836,21.378
457,80,4,1,7.25,12,8.836,21.378
457,104,8,1,7.25,12,8.836,21.378
457,253,6,1,7.25,12,8.836,21.378
457,421,11,1,7.25,12,8.836,21.378
457,46,3,1,7.25,12,8.836,21.378
457,291,8,1,7.25,12,8.836,21.378
457,144,8,1,7.25,12,8.836,21.378
457,103,6,1,7.25,12,8.836,21.378
457,447,12,1,7.25,12,8.836,21.378
457,419,5,1,7.25,12,8.836,21.378
457,396,9,1,7.25,12,8.836,21.378
457,23,3,1,7.25,12,8.836,21.378
457,384,9,1,7.25,12,8.836,21.378
457,132,6,1,7.25,12,8.836,21.378
457,213,7,1,7.25,12,8.836,21.378
457,231,4,1,7.25,12,8.836,21.378
458,161,3,0.05,3.00,3,8.839,21.401
459,410,5,0.15,4.67,8,8.842,21.424
459,92,1,0.15,4.67,8,8.842,21.424
459,382,8,0.15,4.67,8,8.842,21.424
461,303,6,1,4.10,7,8.849,21.471
461,297,5,1,4.10,7,8.849,21.471
461,164,4,1,4.10,7,8.849,21.471
461,138,6,1,4.10,7,8.849,21.471
461,255,4,1,4.10,7,8.849,21.471
461,118,2,1,4.10,7,8.849,21.471
461,26,2,1,4.10,7,8.849,21.471
461,49,3,1,4.10,7,8.849,21.471
461,438,7,1,4.10,7,8.849,21.471
461,6,1,1,4.10,7,8.849,21.471
461,87,5,1,4.10,7,8.849,21.471
461,89,5,1,4.10,7,8.849,21.471
461,237,3,1,4.10,7,8.849,21.471
461,302,6,1,4.10,7,8.849,21.471
461,386,4,1,4.10,7,8.849,21.471
461,4,2,1,4.10,7,8.849,21.471
461,48,3,1,4.10,7,8.849,21.471
461,284,6,1,4.10,7,8.849,21.471
461,114,6,1,4.10,7,8.849,21.471
461,4,2,1,4.10,7,8.849,21.471
463,97,8,1,7.10,14,8.855,21.517
463,231,11,1,7.10,14,8.855,21.517
463,84,3,1,7.10,14,8.855,21.517
463,155,2,1,7.10,14,8.855,21.517
463,238,4,1,7.10,14,8.855,21.517
463,160,5,1,7.10,14,8.855,21.517
463,329,7,1,7.10,14,8.855,21.517
463,345,10,1,7.10,14,8.855,21.517
463,460,14,1,7.10,14,8.855,21.517
463,130,7,1,7.10,14,8.855,21.517
463,179,8,1,7.10,14,8.855,21.517
463,12,3,1,7.10,14,8.855,21.517
463,203,9,1,7.10,14,8.855,21.517
463,228,10,1,7.10,14,8.855,21.517
463,337,8,1,7.10,14,8.855,21.517
463,47,5,1,7.10,14,8.855,21.517
463,426,7,1,7.10,14,8.855,21.517
463,327,8,1,7.10,14,8.855,21.517
463,106,5,1,7.10,14,8.855,21.517
463,456,8,1,7.10,14,8.855,21.517
467,419,7,1,6.05,11,8.867,21.610
467,389,10,1,6.05,11,8.867,21.610
467,452,11,1,6.05,11,8.867,21.610
467,216,7,1,6.05,11,8.867,21.610
467,433,7,1,6.05,11,8.867,21.610
467,247,6,1,6.05,11,8.867,21.610
467,349,8,1,6.05,11,8.867,21.610
467,141,3,1,6.05,11,8.867,21.610
467,65,4,1,6.05,11,8.867,21.610
467,202,5,1,6.05,11,8.867,21.610
467,170,3,1,6.05,11,8.867,21.610
467,225,4,1,6.05,11,8.867,21.610
467,144,3,1,6.05,11,8.867,21.610
467,182,4,1,6.05,11,8.867,21.610
467,373,6,1,6.05,11,8.867,21.610
467,246,5,1,6.05,11,8.867,21.610
467,219,5,1,6.05,11,8.867,21.610
467,401,11,1,6.05,11,8.867,21.610
467,399,6,1,6.05,11,8.867,21.610
467,339,6,1,6.05,11,8.867,21.610
469,389,9,0.8,6.38,12,8.873,21.656
469,363,7,0.8,6.38,12,8.873,21.656
469,430,5,0.8,6.38,12,8.873,21.656
469,215,5,0.8,6.38,12,8.873,21.656
469,361,8,0.8,6.38,12,8.873,21.656
469,117,5,0.8,6.38,12,8.873,21.656
469,169,5,0.8,6.38,12,8.873,21.656
469,390,12,0.8,6.38,12,8.873,21.656
469,387,6,0.8,6.38,12,8.873,21.656
469,149,7,0.8,6.38,12,8.873,21.656
469,339,4,0.8,6.38,12,8.873,21.656
469,363,7,0.8,6.38,12,8.873,21.656
469,284,6,0.8,6.38,12,8.873,21.656
469,401,7,0.8,6.38,12,8.873,21.656
469,313,3,0.8,6.38,12,8.873,21.656
469,199,6,0.8,6.38,12,8.873,21.656
470,209,2,0.05,2.00,2,8.877,21.679
471,47,5,0.2,4.50,5,8.880,21.703
471,97,4,0.2,4.50,5,8.880,21.703
471,52,4,0.2,4.50,5,8.880,21.703
471,268,5,0.2,4.50,5,8.880,21.703
472,191,5,0.05,5.00,5,8.883,21.726
473,124,5,0.85,6.59,11,8.886,21.749
473,30,3,0.85,6.59,11,8.886,21.749
473,180,8,0.85,6.59,11,8.886,21.749
473,245,3,0.85,6.59,11,8.886,21.749
473,188,8,0.85,6.59,11,8.886,21.749
473,250,6,0.85,6.59,11,8.886,21.749
473,304,9,0.85,6.59,11,8.886,21.749
473,255,5,0.85,6.59,11,8.886,21.749
473,447,8,0.85,6.59,11,8.886,21.749
473,362,6,0.85,6.59,11,8.886,21.749
473,204,5,0.85,6.59,11,8.886,21.749
473,163,4,0.85,6.59,11,8.886,21.749
473,375,7,0.85,6.59,11,8.886,21.749
473,386,8,0.85,6.59,11,8.886,21.749
473,377,7,0.85,6.59,11,8.886,21.749
473,236,11,0.85,6.59,11,8.886,21.749
473,391,9,0.85,6.59,11,8.886,21.749
475,462,12,0.5,6.20,13,8.892,21.794
475,473,13,0.5,6.20,13,8.892,21.794
475,411,8,0.5,6.20,13,8.892,21.794
475,283,6,0.5,6.20,13,8.892,21.794
475,198,2,0.5,6.20,13,8.892,21.794
475,2,1,0.5,6.20,13,8.892,21.794
475,314,10,0.5,6.20,13,8.892,21.794
475,73,7,0.5,6.20,13,8.892,21.794
475,82,2,0.5,6.20,13,8.892,21.794
475,7,1,0.5,6.20,13,8.892,21.794
479,361,4,1,7.00,15,8.904,21.886
479,319,12,1,7.00,15,8.904,21.886
479,186,8,1,7.00,15,8.904,21.886
479,280,4,1,7.00,15,8.904,21.886
479,205,6,1,7.00,15,8.904,21.886
479,239,15,1,7.00,15,8.904,21.886
479,80,1,1,7.00,15,8.904,21.886
479,191,8,1,7.00,15,8.904,21.886
479,38,2,1,7.00,15,8.904,21.886
479,141,7,1,7.00,15,8.904,21.886
479,472,11,1,7.00,15,8.904,21.886
479,46,4,1,7.00,15,8.904,21.886
479,415,13,1,7.00,15,8.904,21.886
479,147,6,1,7.00,15,8.904,21.886
479,388,4,1,7.00,15,8.904,21.886
479,202,6,1,7.00,15,8.904,21.886
479,273,9,1,7.00,15,8.904,21.886
479,284,4,1,7.00,15,8.904,21.886
479,408,10,1,7.00,15,8.904,21.886
479,381,6,1,7.00,15,8.904,21.886
481,149,9,0.7,7.93,15,8.910,21.932
481,240,15,0.7,7.93,15,8.910,21.932
481,23,2,0.7,7.93,15,8.910,21.932
481,451,4,0.7,7.93,15,8.910,21.932
481,430,10,0.7,7.93,15,8.910,21.932
481,309,10,0.7,7.93,15,8.910,21.932
481,332,6,0.7,7.93,15,8.910,21.932
481,63,3,0.7,7.93,15,8.910,21.932
481,393,9,0.7,7.93,15,8.910,21.932
481,153,9,0.7,7.93,15,8.910,21.932
481,264,5,0.7,7.93,15,8.910,21.932
481,340,10,0.7,7.93,15,8.910,21.932
481,71,9,0.7,7.93,15,8.910,21.932
481,96,10,0.7,7.93,15,8.910,21.932
483,121,1,0.05,1.00,1,8.916,21.977
485,387,6,0.4,5.38,9,8.922,22.023
485,371,5,0.4,5.38,9,8.922,22.023
485,274,4,0.4,5.38,9,8.922,22.023
485,188,8,0.4,5.38,9,8.922,22.023
485,252,3,0.4,5.38,9,8.922,22.023
485,122,2,0.4,5.38,9,8.922,22.023
485,378,6,0.4,5.38,9,8.922,22.023
485,193,9,0.4,5.38,9,8.922,22.023
487,27,5,1,6.75,13,8.928,22.068
487,310,4,1,6.75,13,8.928,22.068
487,275,7,1,6.75,13,8.928,22.068
487,217,5,1,6.75,13,8.928,22.068
487,178,8,1,6.75,13,8.928,22.068
487,457,7,1,6.75,13,8.928,22.068
487,454,11,1,6.75,13,8.928,22.068
487,23,5,1,6.75,13,8.928,22.068
487,476,13,1,6.75,13,8.928,22.068
487,178,8,1,6.75,13,8.928,22.068
487,254,7,1,6.75,13,8.928,22.068
487,354,7,1,6.75,13,8.928,22.068
487,285,4,1,6.75,13,8.928,22.068
487,323,8,1,6.75,13,8.928,22.068
487,15,2,1,6.75,13,8.928,22.068
487,154,7,1,6.75,13,8.928,22.068
487,168,6,1,6.75,13,8.928,22.068
487,114,4,1,6.75,13,8.928,22.068
487,351,9,1,6.75,13,8.928,22.068
487,295,8,1,6.75,13,8.928,22.068
489,124,2,0.25,2.80,4,8.934,22.113
489,71,3,0.25,2.80,4,8.934,22.113
489,368,3,0.25,2.80,4,8.934,22.113
489,434,4,0.25,2.80,4,8.934,22.113
489,26,2,0.25,2.80,4,8.934,22.113
491,59,4,1,5.30,14,8.940,22.159
491,335,5,1,5.30,14,8.940,22.159
491,169,4,1,5.30,14,8.940,22.159
491,397,6,1,5.30,14,8.940,22.159
491,196,5,1,5.30,14,8.940,22.159
491,40,3,1,5.30,14,8.940,22.159
491,366,7,1,5.30,14,8.940,22.159
491,374,5,1,5.30,14,8.940,22.159
491,283,5,1,5.30,14,8.940,22.159
491,105,4,1,5.30,14,8.940,22.159
491,399,3,1,5.30,14,8.940,22.159
491,483,14,1,5.30,14,8.940,22.159
491,117,6,1,5.30,14,8.940,22.159
491,125,3,1,5.30,14,8.940,22.159
491,27,4,1,5.30,14,8.940,22.159
491,329,5,1,5.30,14,8.940,22.159
491,111,5,1,5.30,14,8.940,22.159
491,235,9,1,5.30,14,8.940,22.159
491,314,6,1,5.30,14,8.940,22.159
491,18,3,1,5.30,14,8.940,22.159
493,41,8,0.95,7.53,15,8.945,22.204
493,22,2,0.95,7.53,15,8.945,22.204
493,307,7,0.95,7.53,15,8.945,22.204
493,304,10,0.95,7.53,15,8.945,22.204
493,252,3,0.95,7.53,15,8.945,22.204
493,463,5,0.95,7.53,15,8.945,22.204
493,262,4,0.95,7.53,15,8.945,22.204
493,246,10,0.95,7.53,15,8.945,22.204
493,491,15,0.95,7.53,15,8.945,22.204
493,386,9,0.95,7.53,15,8.945,22.204
493,189,7,0.95,7.53,15,8.945,22.204
493,487,14,0.95,7.53,15,8.945,22.204
493,444,7,0.95,7.53,15,8.945,22.204
493,431,11,0.95,7.53,15,8.945,22.204
493,280,5,0.95,7.53,15,8.945,22.204
493,121,6,0.95,7.53,15,8.945,22.204
493,401,7,0.95,7.53,15,8.945,22.204
493,366,8,0.95,7.53,15,8.945,22.204
493,389,5,0.95,7.53,15,8.945,22.204
494,233,6,0.2,3.50,6,8.948,22.226
494,225,4,0.2,3.50,6,8.948,22.226
494,11,1,0.2,3.50,6,8.948,22.226
494,111,3,0.2,3.50,6,8.948,22.226
495,142,3,0.05,3.00,3,8.951,22.249
497,283,10,0.65,7.08,10,8.957,22.293
497,381,8,0.65,7.08,10,8.957,22.293
497,54,8,0.65,7.08,10,8.957,22.293
497,428,4,0.65,7.08,10,8.957,22.293
497,449,8,0.65,7.08,10,8.957,22.293
497,401,7,0.65,7.08,10,8.957,22.293
497,327,9,0.65,7.08,10,8.957,22.293
497,328,8,0.65,7.08,10,8.957,22.293
497,408,7,0.65,7.08,10,8.957,22.293
497,291,5,0.65,7.08,10,8.957,22.293
497,334,7,0.65,7.08,10,8.957,22.293
497,475,6,0.65,7.08,10,8.957,22.293
497,152,5,0.65,7.08,10,8.957,22.293
499,202,4,1,6.25,10,8.963,22.338
499,274,5,1,6.25,10,8.963,22.338
499,443,7,1,6.25,10,8.963,22.338
499,191,5,1,6.25,10,8.963,22.338
499,274,5,1,6.25,10,8.963,22.338
499,329,7,1,6.25,10,8.963,22.338
499,215,6,1,6.25,10,8.963,22.338
499,230,6,1,6.25,10,8.963,22.338
499,60,6,1,6.25,10,8.963,22.338
499,214,5,1,6.25,10,8.963,22.338
499,325,6,1,6.25,10,8.963,22.338
499,303,4,1,6.25,10,8.963,22.338
499,413,8,1,6.25,10,8.963,22.338
499,35,4,1,6.25,10,8.963,22.338
499,436,9,1,6.25,10,8.963,22.338
499,310,6,1,6.25,10,8.963,22.338
499,304,5,1,6.25,10,8.963,22.338
499,472,9,1,6.25,10,8.963,22.338
499,451,10,1,6.25,10,8.963,22.338
499,413,8,1,6.25,10,8.963,22.338
503,340,3,1,4.40,9,8.974,22.428
503,455,7,1,4.40,9,8.974,22.428
503,374,9,1,4.40,9,8.974,22.428
503,258,3,1,4.40,9,8.974,22.428
503,484,9,1,4.40,9,8.974,22.428
503,319,5,1,4.40,9,8.974,22.428
503,99,5,1,4.40,9,8.974,22.428
503,125,5,1,4.40,9,8.974,22.428
503,172,3,1,4.40,9,8.974,22.428
503,14,1,1,4.40,9,8.974,22.428
503,63,1,1,4.40,9,8.974,22.428
503,99,5,1,4.40,9,8.974,22.428
503,204,3,1,4.40,9,8.974,22.428
503,338,4,1,4.40,9,8.974,22.428
503,259,3,1,4.40,9,8.974,22.428
503,213,5,1,4.40,9,8.974,22.428
503,475,7,1,4.40,9,8.974,22.428
503,50,3,1,4.40,9,8.974,22.428
503,390,4,1,4.40,9,8.974,22.428
503,173,3,1,4.40,9,8.974,22.428
504,121,2,0.05,2.00,2,8.977,22.450
505,396,6,0.35,3.71,7,8.980,22.472
505,249,7,0.35,3.71,7,8.980,22.472
505,253,1,0.35,3.71,7,8.980,22.472
505,349,5,0.35,3.71,7,8.980,22.472
505,68,3,0.35,3.71,7,8.980,22.472
505,86,2,0.35,3.71,7,8.980,22.472
505,24,2,0.35,3.71,7,8.980,22.472
506,225,2,0.05,2.00,2,8.983,22.494
507,4,1,0.05,1.00,1,8.986,22.517
509,502,11,1,5.55,11,8.992,22.561
509,302,7,1,5.55,11,8.992,22.561
509,224,9,1,5.55,11,8.992,22.561
509,369,6,1,5.55,11,8.992,22.561
509,428,7,1,5.55,11,8.992,22.561
509,496,8,1,5.55,11,8.992,22.561
509,256,2,1,5.55,11,8.992,22.561
509,448,6,1,5.55,11,8.992,22.561
509,371,8,1,5.55,11,8.992,22.561
509,260,4,1,5.55,11,8.992,22.561
509,200,6,1,5.55,11,8.992,22.561
509,15,1,1,5.55,11,8.992,22.561
509,46,4,1,5.55,11,8.992,22.561
509,233,7,1,5.55,11,8.992,22.561
509,401,4,1,5.55,11,8.992,22.561
509,186,3,1,5.55,11,8.992,22.561
509,38,6,1,5.55,11,8.992,22.561
509,40,4,1,5.55,11,8.992,22.561
509,72,5,1,5.55,11,8.992,22.561
509,62,3,1,5.55,11,8.992,22.561
511,101,6,0.55,5.64,8,8.997,22.605
511,247,6,0.55,5.64,8,8.997,22.605
511,46,5,0.55,5.64,8,8.997,22.605
511,11,4,0.55,5.64,8,8.997,22.605
511,247,6,0.55,5.64,8,8.997,22.605
511,127,7,0.55,5.64,8,8.997,22.605
511,200,8,0.55,5.64,8,8.997,22.605
511,214,5,0.55,5.64,8,8.997,22.605
511,159,7,0.55,5.64,8,8.997,22.605
511,59,4,0.55,5.64,8,8.997,22.605
511,97,4,0.55,5.64,8,8.997,22.605
512,51,3,0.1,3.00,3,9.000,22.627
512,51,3,0.1,3.00,3,9.000,22.627
513,40,4,0.15,5.33,8,9.003,22.650
513,455,8,0.15,5.33,8,9.003,22.650
513,31,4,0.15,5.33,8,9.003,22.650
515,512,11,0.35,4.57,11,9.008,22.694
515,68,4,0.35,4.57,11,9.008,22.694
515,3,1,0.35,4.57,11,9.008,22.694
515,218,6,0.35,4.57,11,9.008,22.694
515,152,3,0.35,4.57,11,9.008,22.694
515,47,2,0.35,4.57,11,9.008,22.694
515,61,5,0.35,4.57,11,9.008,22.694
517,456,7,0.75,6.87,10,9.014,22.738
517,335,7,0.75,6.87,10,9.014,22.738
517,461,8,0.75,6.87,10,9.014,22.738
517,327,6,0.75,6.87,10,9.014,22.738
517,469,8,0.75,6.87,10,9.014,22.738
517,430,10,0.75,6.87,10,9.014,22.738
517,387,10,0.75,6.87,10,9.014,22.738
517,37,1,0.75,6.87,10,9.014,22.738
517,442,9,0.75,6.87,10,9.014,22.738
517,172,8,0.75,6.87,10,9.014,22.738
517,262,2,0.75,6.87,10,9.014,22.738
517,377,6,0.75,6.87,10,9.014,22.738
517,57,5,0.75,6.87,10,9.014,22.738
517,466,9,0.75,6.87,10,9.014,22.738
517,280,7,0.75,6.87,10,9.014,22.738
519,19,2,0.25,5.00,8,9.020,22.782
519,115,5,0.25,5.00,8,9.020,22.782
519,505,8,0.25,5.00,8,9.020,22.782
519,422,4,0.25,5.00,8,9.020,22.782
519,461,6,0.25,5.00,8,9.020,22.782
521,123,8,1,6.20,11,9.025,22.825
521,40,5,1,6.20,11,9.025,22.825
521,385,10,1,6.20,11,9.025,22.825
521,77,2,1,6.20,11,9.025,22.825
521,153,5,1,6.20,11,9.025,22.825
521,444,7,1,6.20,11,9.025,22.825
521,29,1,1,6.20,11,9.025,22.825
521,126,6,1,6.20,11,9.025,22.825
521,373,6,1,6.20,11,9.025,22.825
521,221,9,1,6.20,11,9.025,22.825
521,137,7,1,6.20,11,9.025,22.825
521,84,5,1,6.20,11,9.025,22.825
521,428,6,1,6.20,11,9.025,22.825
521,388,9,1,6.20,11,9.025,22.825
521,202,11,1,6.20,11,9.025,22.825
521,264,4,1,6.20,11,9.025,22.825
521,188,7,1,6.20,11,9.025,22.825
521,75,3,1,6.20,11,9.025,22.825
521,267,6,1,6.20,11,9.025,22.825
521,432,7,1,6.20,11,9.025,22.825
523,404,7,1,6.30,11,9.031,22.869
523,30,3,1,6.30,11,9.031,22.869
523,279,3,1,6.30,11,9.031,22.869
523,215,8,1,6.30,11,9.031,22.869
523,241,6,1,6.30,11,9.031,22.869
523,404,7,1,6.30,11,9.031,22.869
523,377,6,1,6.30,11,9.031,22.869
523,214,6,1,6.30,11,9.031,22.869
523,333,6,1,6.30,11,9.031,22.869
523,463,7,1,6.30,11,9.031,22.869
523,449,8,1,6.30,11,9.031,22.869
523,191,5,1,6.30,11,9.031,22.869
523,143,5,1,6.30,11,9.031,22.869
523,71,4,1,6.30,11,9.031,22.869
523,439,8,1,6.30,11,9.031,22.869
523,252,5,1,6.30,11,9.031,22.869
523,442,11,1,6.30,11,9.031,22.869
523,386,11,1,6.30,11,9.031,22.869
523,133,5,1,6.30,11,9.031,22.869
523,352,5,1,6.30,11,9.031,22.869
524,17,2,0.1,2.00,2,9.033,22.891
524,61,2,0.1,2.00,2,9.033,22.891
525,271,3,0.05,3.00,3,9.036,22.913
527,258,5,0.85,4.47,10,9.042,22.956
527,179,3,0.85,4.47,10,9.042,22.956
527,233,7,0.85,4.47,10,9.042,22.956
527,48,1,0.85,4.47,10,9.042,22.956
527,354,3,0.85,4.47,10,9.042,22.956
527,4,1,0.85,4.47,10,9.042,22.956
527,149,5,0.85,4.47,10,9.042,22.956
527,11,1,0.85,4.47,10,9.042,22.956
527,262,7,0.85,4.47,10,9.042,22.956
527,98,3,0.85,4.47,10,9.042,22.956
527,105,6,0.85,4.47,10,9.042,22.956
527,505,10,0.85,4.47,10,9.042,22.956
527,393,7,0.85,4.47,10,9.042,22.956
527,450,6,0.85,4.47,10,9.042,22.956
527,7,3,0.85,4.47,10,9.042,22.956
527,4,1,0.85,4.47,10,9.042,22.956
527,87,7,0.85,4.47,10,9.042,22.956
529,95,5,0.95,7.95,17,9.047,23.000
529,312,6,0.95,7.95,17,9.047,23.000
529,488,9,0.95,7.95,17,9.047,23.000
529,528,13,0.95,7.95,17,9.047,23.000
529,280,9,0.95,7.95,17,9.047,23.000
529,320,7,0.95,7.95,17,9.047,23.000
529,408,5,0.95,7.95,17,9.047,23.000
529,279,8,0.95,7.95,17,9.047,23.000
529,426,12,0.95,7.95,17,9.047,23.000
529,494,17,0.95,7.95,17,9.047,23.000
529,194,2,0.95,7.95,17,9.047,23.000
529,232,6,0.95,7.95,17,9.047,23.000
529,139,4,0.95,7.95,17,9.047,23.000
529,447,8,0.95,7.95,17,9.047,23.000
529,516,9,0.95,7.95,17,9.047,23.000
529,100,7,0.95,7.95,17,9.047,23.000
529,200,7,0.95,7.95,17,9.047,23.000
529,406,8,0.95,7.95,17,9.047,23.000
529,205,9,0.95,7.95,17,9.047,23.000
531,271,5,0.3,3.00,5,9.053,23.043
531,68,3,0.3,3.00,5,9.053,23.043
531,7,1,0.3,3.00,5,9.053,23.043
531,287,3,0.3,3.00,5,9.053,23.043
531,113,4,0.3,3.00,5,9.053,23.043
531,55,2,0.3,3.00,5,9.053,23.043
532,191,2,0.05,2.00,2,9.055,23.065
533,28,4,0.75,5.60,10,9.058,23.087
533,152,4,0.75,5.60,10,9.058,23.087
533,386,7,0.75,5.60,10,9.058,23.087
533,19,4,0.75,5.60,10,9.058,23.087
533,8,2,0.75,5.60,10,9.058,23.087
533,401,4,0.75,5.60,10,9.058,23.087
533,392,9,0.75,5.60,10,9.058,23.087
533,267,1,0.75,5.60,10,9.058,23.087
533,203,5,0.75,5.60,10,9.058,23.087
533,476,5,0.75,5.60,10,9.058,23.087
533,225,6,0.75,5.60,10,9.058,23.087
533,373,10,0.75,5.60,10,9.058,23.087
533,365,9,0.75,5.60,10,9.058,23.087
533,103,7,0.75,5.60,10,9.058,23.087
533,363,7,0.75,5.60,10,9.058,23.087
535,394,7,0.45,5.00,7,9.063,23.130
535,436,6,0.45,5.00,7,9.063,23.130
535,278,4,0.45,5.00,7,9.063,23.130
535,239,4,0.45,5.00,7,9.063,23.130
535,71,5,0.45,5.00,7,9.063,23.130
535,96,5,0.45,5.00,7,9.063,23.130
535,39,3,0.45,5.00,7,9.063,23.130
535,159,7,0.45,5.00,7,9.063,23.130
535,457,4,0.45,5.00,7,9.063,23.130
536,7,2,0.05,2.00,2,9.066,23.152
537,32,3,0.05,3.00,3,9.069,23.173
538,123,2,0.05,2.00,2,9.071,23.195
539,227,4,0.3,2.83,4,9.074,23.216
539,115,2,0.3,2.83,4,9.074,23.216
539,180,1,0.3,2.83,4,9.074,23.216
539,97,3,0.3,2.83,4,9.074,23.216
539,158,4,0.3,2.83,4,9.074,23.216
539,153,3,0.3,2.83,4,9.074,23.216
541,530,11,1,8.05,12,9.079,23.259
541,76,6,1,8.05,12,9.079,23.259
541,218,8,1,8.05,12,9.079,23.259
541,224,9,1,8.05,12,9.079,23.259
541,19,6,1,8.05,12,9.079,23.259
541,497,9,1,8.05,12,9.079,23.259
541,56,7,1,8.05,12,9.079,23.259
541,118,9,1,8.05,12,9.079,23.259
541,172,9,1,8.05,12,9.079,23.259
541,201,5,1,8.05,12,9.079,23.259
541,380,8,1,8.05,12,9.079,23.259
541,344,9,1,8.05,12,9.079,23.259
541,63,6,1,8.05,12,9.079,23.259
541,478,9,1,8.05,12,9.079,23.259
541,45,6,1,8.05,12,9.079,23.259
541,166,11,1,8.05,12,9.079,23.259
541,420,9,1,8.05,12,9.079,23.259
541,438,12,1,8.05,12,9.079,23.259
541,271,1,1,8.05,12,9.079,23.259
541,398,11,1,8.05,12,9.079,23.259
542,265,5,0.05,5.00,5,9.082,23.281
543,331,5,0.05,5.00,5,9.085,23.302
545,69,2,0.35,3.71,6,9.090,23.345
545,314,5,0.35,3.71,6,9.090,23.345
545,351,6,0.35,3.71,6,9.090,23.345
545,303,4,0.35,3.71,6,9.090,23.345
545,91,1,0.35,3.71,6,9.090,23.345
545,322,5,0.35,3.71,6,9.090,23.345
545,176,3,0.35,3.71,6,9.090,23.345
547,286,4,1,7.70,15,9.095,23.388
547,172,9,1,7.70,15,9.095,23.388
547,261,10,1,7.70,15,9.095,23.388
547,12,4,1,7.70,15,9.095,23.388
547,209,7,1,7.70,15,9.095,23.388
547,498,10,1,7.70,15,9.095,23.388
547,270,15,1,7.70,15,9.095,23.388
547,347,10,1,7.70,15,9.095,23.388
547,420,8,1,7.70,15,9.095,23.388
547,506,7,1,7.70,15,9.095,23.388
547,4,1,1,7.70,15,9.095,23.388
547,40,6,1,7.70,15,9.095,23.388
547,229,7,1,7.70,15,9.095,23.388
547,336,8,1,7.70,15,9.095,23.388
547,396,10,1,7.70,15,9.095,23.388
547,303,7,1,7.70,15,9.095,23.388
547,173,9,1,7.70,15,9.095,23.388
547,336,8,1,7.70,15,9.095,23.388
547,349,7,1,7.70,15,9.095,23.388
547,209,7,1,7.70,15,9.095,23.388
548,9,1,0.05,1.00,1,9.098,23.409
549,70,2,0.2,3.50,4,9.101,23.431
549,155,4,0.2,3.50,4,9.101,23.431
549,181,4,0.2,3.50,4,9.101,23.431
549,155,4,0.2,3.50,4,9.101,23.431
551,504,12,0.9,8.00,12,9.106,23.473
551,201,7,0.9,8.00,12,9.106,23.473
551,45,7,0.9,8.00,12,9.106,23.473
551,386,6,0.9,8.00,12,9.106,23.473
551,524,11,0.9,8.00,12,9.106,23.473
551,491,9,0.9,8.00,12,9.106,23.473
551,449,8,0.9,8.00,12,9.106,23.473
551,164,4,0.9,8.00,12,9.106,23.473
551,411,12,0.9,8.00,12,9.106,23.473
551,241,11,0.9,8.00,12,9.106,23.473
551,17,5,0.9,8.00,12,9.106,23.473
551,405,7,0.9,8.00,12,9.106,23.473
551,91,7,0.9,8.00,12,9.106,23.473
551,137,9,0.9,8.00,12,9.106,23.473
551,459,8,0.9,8.00,12,9.106,23.473
551,149,8,0.9,8.00,12,9.106,23.473
551,31,3,0.9,8.00,12,9.106,23.473
551,521,10,0.9,8.00,12,9.106,23.473
553,104,4,0.1,6.00,8,9.111,23.516
553,505,8,0.1,6.00,8,9.111,23.516
554,63,3,0.05,3.00,3,9.114,23.537
555,278,1,0.05,1.00,1,9.116,23.558
557,45,3,1,5.05,11,9.122,23.601
557,15,3,1,5.05,11,9.122,23.601
557,201,6,1,5.05,11,9.122,23.601
557,535,8,1,5.05,11,9.122,23.601
557,85,4,1,5.05,11,9.122,23.601
557,543,9,1,5.05,11,9.122,23.601
557,280,2,1,5.05,11,9.122,23.601
557,202,3,1,5.05,11,9.122,23.601
557,206,7,1,5.05,11,9.122,23.601
557,388,5,1,5.05,11,9.122,23.601
557,530,11,1,5.05,11,9.122,23.601
557,101,3,1,5.05,11,9.122,23.601
557,423,5,1,5.05,11,9.122,23.601
557,332,6,1,5.05,11,9.122,23.601
557,455,6,1,5.05,11,9.122,23.601
557,87,5,1,5.05,11,9.122,23.601
557,323,6,1,5.05,11,9.122,23.601
557,443,5,1,5.05,11,9.122,23.601
557,60,3,1,5.05,11,9.122,23.601
557,279,1,1,5.05,11,9.122,23.601
559,41,4,0.9,4.78,8,9.127,23.643
559,290,3,0.9,4.78,8,9.127,23.643
559,88,4,0.9,4.78,8,9.127,23.643
559,513,5,0.9,4.78,8,9.127,23.643
559,138,5,0.9,4.78,8,9.127,23.643
559,51,2,0.9,4.78,8,9.127,23.643
559,226,5,0.9,4.78,8,9.127,23.643
559,248,7,0.9,4.78,8,9.127,23.643
559,228,4,0.9,4.78,8,9.127,23.643
559,316,4,0.9,4.78,8,9.127,23.643
559,153,5,0.9,4.78,8,9.127,23.643
559,122,3,0.9,4.78,8,9.127,23.643
559,6,2,0.9,4.78,8,9.127,23.643
559,358,7,0.9,4.78,8,9.127,23.643
559,417,8,0.9,4.78,8,9.127,23.643
559,97,3,0.9,4.78,8,9.127,23.643
559,499,7,0.9,4.78,8,9.127,23.643
559,451,8,0.9,4.78,8,9.127,23.643
563,313,3,1,4.85,9,9.137,23.728
563,426,5,1,4.85,9,9.137,23.728
563,144,4,1,4.85,9,9.137,23.728
563,84,3,1,4.85,9,9.137,23.728
563,202,6,1,4.85,9,9.137,23.728
563,189,2,1,4.85,9,9.137,23.728
563,261,6,1,4.85,9,9.137,23.728
563,486,9,1,4.85,9,9.137,23.728
563,524,7,1,4.85,9,9.137,23.728
563,123,4,1,4.85,9,9.137,23.728
563,317,4,1,4.85,9,9.137,23.728
563,343,5,1,4.85,9,9.137,23.728
563,201,8,1,4.85,9,9.137,23.728
563,172,6,1,4.85,9,9.137,23.728
563,440,5,1,4.85,9,9.137,23.728
563,99,5,1,4.85,9,9.137,23.728
563,377,5,1,4.85,9,9.137,23.728
563,82,4,1,4.85,9,9.137,23.728
563,427,5,1,4.85,9,9.137,23.728
563,141,1,1,4.85,9,9.137,23.728
565,334,7,0.2,4.75,7,9.142,23.770
565,314,3,0.2,4.75,7,9.142,23.770
565,382,6,0.2,4.75,7,9.142,23.770
565,82,3,0.2,4.75,7,9.142,23.770
567,295,3,0.05,3.00,3,9.147,23.812
569,154,4,1,4.50,8,9.152,23.854
569,333,4,1,4.50,8,9.152,23.854
569,40,5,1,4.50,8,9.152,23.854
569,389,5,1,4.50,8,9.152,23.854
569,142,7,1,4.50,8,9.152,23.854
569,146,2,1,4.50,8,9.152,23.854
569,167,4,1,4.50,8,9.152,23.854
569,407,4,1,4.50,8,9.152,23.854
569,340,5,1,4.50,8,9.152,23.854
569,79,5,1,4.50,8,9.152,23.854
569,169,4,1,4.50,8,9.152,23.854
569,25,2,1,4.50,8,9.152,23.854
569,321,3,1,4.50,8,9.152,23.854
569,409,5,1,4.50,8,9.152,23.854
569,420,8,1,4.50,8,9.152,23.854
569,274,3,1,4.50,8,9.152,23.854
569,356,3,1,4.50,8,9.152,23.854
569,282,6,1,4.50,8,9.152,23.854
569,56,4,1,4.50,8,9.152,23.854
569,491,7,1,4.50,8,9.152,23.854
571,9,3,1,5.80,11,9.157,23.896
571,2,1,1,5.80,11,9.157,23.896
571,318,5,1,5.80,11,9.157,23.896
571,120,5,1,5.80,11,9.157,23.896
571,205,2,1,5.80,11,9.157,23.896
571,494,9,1,5.80,11,9.157,23.896
571,173,6,1,5.80,11,9.157,23.896
571,519,9,1,5.80,11,9.157,23.896
571,192,3,1,5.80,11,9.157,23.896
571,331,5,1,5.80,11,9.157,23.896
571,552,10,1,5.80,11,9.157,23.896
571,517,10,1,5.80,11,9.157,23.896
571,507,8,1,5.80,11,9.157,23.896
571,313,6,1,5.80,11,9.157,23.896
571,381,3,1,5.80,11,9.157,23.896
571,533,9,1,5.80,11,9.157,23.896
571,240,4,1,5.80,11,9.157,23.896
571,194,2,1,5.80,11,9.157,23.896
571,563,11,1,5.80,11,9.157,23.896
571,453,5,1,5.80,11,9.157,23.896
573,41,1,0.1,2.00,3,9.162,23.937
573,149,3,0.1,2.00,3,9.162,23.937
574,23,1,0.05,1.00,1,9.165,23.958
575,68,4,0.25,5.40,13,9.167,23.979
575,566,13,0.25,5.40,13,9.167,23.979
575,244,4,0.25,5.40,13,9.167,23.979
575,182,5,0.25,5.40,13,9.167,23.979
575,96,1,0.25,5.40,13,9.167,23.979
577,238,14,1,8.85,15,9.172,24.021
577,292,5,1,8.85,15,9.172,24.021
577,443,11,1,8.85,15,9.172,24.021
577,160,7,1,8.85,15,9.172,24.021
577,123,9,1,8.85,15,9.172,24.021
577,15,6,1,8.85,15,9.172,24.021
577,545,10,1,8.85,15,9.172,24.021
577,53,5,1,8.85,15,9.172,24.021
577,254,11,1,8.85,15,9.172,24.021
577,309,10,1,8.85,15,9.172,24.021
577,504,9,1,8.85,15,9.172,24.021
577,287,14,1,8.85,15,9.172,24.021
577,514,8,1,8.85,15,9.172,24.021
577,540,15,1,8.85,15,9.172,24.021
577,245,9,1,8.85,15,9.172,24.021
577,348,4,1,8.85,15,9.172,24.021
577,227,4,1,8.85,15,9.172,24.021
577,516,11,1,8.85,15,9.172,24.021
577,412,11,1,8.85,15,9.172,24.021
577,319,4,1,8.85,15,9.172,24.021
579,83,2,0.2,3.75,6,9.177,24.062
579,352,5,0.2,3.75,6,9.177,24.062
579,362,2,0.2,3.75,6,9.177,24.062
579,548,6,0.2,3.75,6,9.177,24.062
581,296,3,0.55,4.91,8,9.182,24.104
581,471,7,0.55,4.91,8,9.182,24.104
581,10,4,0.55,4.91,8,9.182,24.104
581,421,7,0.55,4.91,8,9.182,24.104
581,50,4,0.55,4.91,8,9.182,24.104
581,464,4,0.55,4.91,8,9.182,24.104
581,9,3,0.55,4.91,8,9.182,24.104
581,20,4,0.55,4.91,8,9.182,24.104
581,114,5,0.55,4.91,8,9.182,24.104
581,128,5,0.55,4.91,8,9.182,24.104
581,526,8,0.55,4.91,8,9.182,24.104
583,228,5,0.6,6.50,10,9.187,24.145
583,531,8,0.6,6.50,10,9.187,24.145
583,536,10,0.6,6.50,10,9.187,24.145
583,270,5,0.6,6.50,10,9.187,24.145
583,32,6,0.6,6.50,10,9.187,24.145
583,571,9,0.6,6.50,10,9.187,24.145
583,63,5,0.6,6.50,10,9.187,24.145
583,512,5,0.6,6.50,10,9.187,24.145
583,41,7,0.6,6.50,10,9.187,24.145
583,283,7,0.6,6.50,10,9.187,24.145
583,152,6,0.6,6.50,10,9.187,24.145
583,262,5,0.6,6.50,10,9.187,24.145
587,417,6,1,5.95,9,9.197,24.228
587,549,8,1,5.95,9,9.197,24.228
587,117,5,1,5.95,9,9.197,24.228
587,26,3,1,5.95,9,9.197,24.228
587,280,6,1,5.95,9,9.197,24.228
587,410,7,1,5.95,9,9.197,24.228
587,108,5,1,5.95,9,9.197,24.228
587,135,5,1,5.95,9,9.197,24.228
587,111,8,1,5.95,9,9.197,24.228
587,221,3,1,5.95,9,9.197,24.228
587,549,8,1,5.95,9,9.197,24.228
587,42,1,1,5.95,9,9.197,24.228
587,329,6,1,5.95,9,9.197,24.228
587,553,9,1,5.95,9,9.197,24.228
587,368,4,1,5.95,9,9.197,24.228
587,571,9,1,5.95,9,9.197,24.228
587,293,9,1,5.95,9,9.197,24.228
587,340,5,1,5.95,9,9.197,24.228
587,185,6,1,5.95,9,9.197,24.228
587,317,6,1,5.95,9,9.197,24.228
589,14,4,0.85,6.24,9,9.202,24.269
589,154,3,0.85,6.24,9,9.202,24.269
589,562,9,0.85,6.24,9,9.202,24.269
589,433,9,0.85,6.24,9,9.202,24.269
589,138,5,0.85,6.24,9,9.202,24.269
589,555,9,0.85,6.24,9,9.202,24.269
589,507,9,0.85,6.24,9,9.202,24.269
589,88,3,0.85,6.24,9,9.202,24.269
589,108,2,0.85,6.24,9,9.202,24.269
589,286,9,0.85,6.24,9,9.202,24.269
589,256,6,0.85,6.24,9,9.202,24.269
589,153,4,0.85,6.24,9,9.202,24.269
589,255,7,0.85,6.24,9,9.202,24.269
589,483,7,0.85,6.24,9,9.202,24.269
589,471,9,0.85,6.24,9,9.202,24.269
589,472,6,0.85,6.24,9,9.202,24.269
589,371,5,0.85,6.24,9,9.202,24.269
591,484,7,0.15,6.00,7,9.207,24.310
591,377,6,0.15,6.00,7,9.207,24.310
591,490,5,0.15,6.00,7,9.207,24.310
593,379,6,1,5.45,11,9.212,24.352
593,467,6,1,5.45,11,9.212,24.352
593,314,3,1,5.45,11,9.212,24.352
593,432,7,1,5.45,11,9.212,24.352
593,93,9,1,5.45,11,9.212,24.352
593,65,7,1,5.45,11,9.212,24.352
593,47,2,1,5.45,11,9.212,24.352
593,30,3,1,5.45,11,9.212,24.352
593,463,6,1,5.45,11,9.212,24.352
593,310,2,1,5.45,11,9.212,24.352
593,363,7,1,5.45,11,9.212,24.352
593,138,4,1,5.45,11,9.212,24.352
593,123,2,1,5.45,11,9.212,24.352
593,291,11,1,5.45,11,9.212,24.352
593,358,3,1,5.45,11,9.212,24.352
593,142,6,1,5.45,11,9.212,24.352
593,537,9,1,5.45,11,9.212,24.352
593,225,9,1,5.45,11,9.212,24.352
593,120,3,1,5.45,11,9.212,24.352
593,345,4,1,5.45,11,9.212,24.352
595,559,8,0.15,10.67,13,9.217,24.393
595,589,11,0.15,10.67,13,9.217,24.393
595,593,13,0.15,10.67,13,9.217,24.393
597,94,3,0.1,2.50,3,9.222,24.434
597,62,2,0.1,2.50,3,9.222,24.434
599,512,7,1,6.60,15,9.226,24.474
599,463,4,1,6.60,15,9.226,24.474
599,551,9,1,6.60,15,9.226,24.474
599,570,8,1,6.60,15,9.226,24.474
599,555,8,1,6.60,15,9.226,24.474
599,287,10,1,6.60,15,9.226,24.474
599,22,4,1,6.60,15,9.226,24.474
599,29,2,1,6.60,15,9.226,24.474
599,245,7,1,6.60,15,9.226,24.474
599,216,5,1,6.60,15,9.226,24.474
599,453,3,1,6.60,15,9.226,24.474
599,561,14,1,6.60,15,9.226,24.474
599,377,4,1,6.60,15,9.226,24.474
599,160,5,1,6.60,15,9.226,24.474
599,422,8,1,6.60,15,9.226,24.474
599,62,3,1,6.60,15,9.226,24.474
599,9,2,1,6.60,15,9.226,24.474
599,267,4,1,6.60,15,9.226,24.474
599,573,10,1,6.60,15,9.226,24.474
599,580,15,1,6.60,15,9.226,24.474
601,51,5,1,5.40,10,9.231,24.515
601,555,10,1,5.40,10,9.231,24.515
601,7,1,1,5.40,10,9.231,24.515
601,345,5,1,5.40,10,9.231,24.515
601,458,5,1,5.40,10,9.231,24.515
601,502,4,1,5.40,10,9.231,24.515
601,540,7,1,5.40,10,9.231,24.515
601,10,3,1,5.40,10,9.231,24.515
601,502,4,1,5.40,10,9.231,24.515
601,427,6,1,5.40,10,9.231,24.515
601,226,4,1,5.40,10,9.231,24.515
601,13,4,1,5.40,10,9.231,24.515
601,477,6,1,5.40,10,9.231,24.515
601,435,8,1,5.40,10,9.231,24.515
601,39,5,1,5.40,10,9.231,24.515
601,517,8,1,5.40,10,9.231,24.515
601,438,6,1,5.40,10,9.231,24.515
601,157,5,1,5.40,10,9.231,24.515
601,414,8,1,5.40,10,9.231,24.515
601,192,4,1,5.40,10,9.231,24.515
603,466,4,0.25,4.40,6,9.236,24.556
603,25,6,0.25,4.40,6,9.236,24.556
603,530,6,0.25,4.40,6,9.236,24.556
603,2,1,0.25,4.40,6,9.236,24.556
603,77,5,0.25,4.40,6,9.236,24.556
604,211,3,0.1,2.50,3,9.238,24.576
604,203,2,0.1,2.50,3,9.238,24.576
605,23,3,0.2,5.50,10,9.241,24.597
605,301,10,0.2,5.50,10,9.241,24.597
605,241,5,0.2,5.50,10,9.241,24.597
605,92,4,0.2,5.50,10,9.241,24.597
607,496,10,1,6.35,11,9.246,24.637
607,182,11,1,6.35,11,9.246,24.637
607,226,3,1,6.35,11,9.246,24.637
607,137,6,1,6.35,11,9.246,24.637
607,187,9,1,6.35,11,9.246,24.637
607,366,6,1,6.35,11,9.246,24.637
607,103,6,1,6.35,11,9.246,24.637
607,236,9,1,6.35,11,9.246,24.637
607,180,4,1,6.35,11,9.246,24.637
607,437,10,1,6.35,11,9.246,24.637
607,368,3,1,6.35,11,9.246,24.637
607,78,5,1,6.35,11,9.246,24.637
607,519,9,1,6.35,11,9.246,24.637
607,26,5,1,6.35,11,9.246,24.637
607,587,9,1,6.35,11,9.246,24.637
607,173,6,1,6.35,11,9.246,24.637
607,69,6,1,6.35,11,9.246,24.637
607,66,4,1,6.35,11,9.246,24.637
607,81,3,1,6.35,11,9.246,24.637
607,106,3,1,6.35,11,9.246,24.637
608,271,3,0.05,3.00,3,9.248,24.658
611,313,3,0.55,4.18,8,9.255,24.718
611,314,2,0.55,4.18,8,9.255,24.718
611,469,4,0.55,4.18,8,9.255,24.718
611,225,6,0.55,4.18,8,9.255,24.718
611,538,6,0.55,4.18,8,9.255,24.718
611,236,3,0.55,4.18,8,9.255,24.718
611,9,1,0.55,4.18,8,9.255,24.718
611,471,3,0.55,4.18,8,9.255,24.718
611,275,4,0.55,4.18,8,9.255,24.718
611,166,6,0.55,4.18,8,9.255,24.718
611,477,8,0.55,4.18,8,9.255,24.718
613,334,9,1,7.30,14,9.260,24.759
613,375,9,1,7.30,14,9.260,24.759
613,293,7,1,7.30,14,9.260,24.759
613,21,6,1,7.30,14,9.260,24.759
613,68,6,1,7.30,14,9.260,24.759
613,440,11,1,7.30,14,9.260,24.759
613,63,6,1,7.30,14,9.260,24.759
613,460,2,1,7.30,14,9.260,24.759
613,482,7,1,7.30,14,9.260,24.759
613,610,14,1,7.30,14,9.260,24.759
613,440,11,1,7.30,14,9.260,24.759
613,133,5,1,7.30,14,9.260,24.759
613,111,6,1,7.30,14,9.260,24.759
613,194,6,1,7.30,14,9.260,24.759
613,495,8,1,7.30,14,9.260,24.759
613,182,5,1,7.30,14,9.260,24.759
613,523,10,1,7.30,14,9.260,24.759
613,8,3,1,7.30,14,9.260,24.759
613,585,12,1,7.30,14,9.260,24.759
613,157,3,1,7.30,14,9.260,24.759
617,174,6,1,5.40,9,9.269,24.839
617,571,8,1,5.40,9,9.269,24.839
617,106,4,1,5.40,9,9.269,24.839
617,314,4,1,5.40,9,9.269,24.839
617,292,6,1,5.40,9,9.269,24.839
617,386,3,1,5.40,9,9.269,24.839
617,488,7,1,5.40,9,9.269,24.839
617,452,9,1,5.40,9,9.269,24.839
617,242,6,1,5.40,9,9.269,24.839
617,61,4,1,5.40,9,9.269,24.839
617,481,7,1,5.40,9,9.269,24.839
617,359,6,1,5.40,9,9.269,24.839
617,432,4,1,5.40,9,9.269,24.839
617,230,6,1,5.40,9,9.269,24.839
617,470,7,1,5.40,9,9.269,24.839
617,91,3,1,5.40,9,9.269,24.839
617,70,4,1,5.40,9,9.269,24.839
617,157,4,1,5.40,9,9.269,24.839
617,377,7,1,5.40,9,9.269,24.839
617,11,3,1,5.40,9,9.269,24.839
619,395,4,1,5.70,11,9.274,24.880
619,552,8,1,5.70,11,9.274,24.880
619,450,6,1,5.70,11,9.274,24.880
619,398,4,1,5.70,11,9.274,24.880
619,78,2,1,5.70,11,9.274,24.880
619,56,4,1,5.70,11,9.274,24.880
619,596,11,1,5.70,11,9.274,24.880
619,348,6,1,5.70,11,9.274,24.880
619,134,6,1,5.70,11,9.274,24.880
619,79,3,1,5.70,11,9.274,24.880
619,244,7,1,5.70,11,9.274,24.880
619,334,6,1,5.70,11,9.274,24.880
619,297,7,1,5.70,11,9.274,24.880
619,561,4,1,5.70,11,9.274,24.880
619,93,6,1,5.70,11,9.274,24.880
619,91,5,1,5.70,11,9.274,24.880
619,548,8,1,5.70,11,9.274,24.880
619,369,7,1,5.70,11,9.274,24.880
619,22,4,1,5.70,11,9.274,24.880
619,256,6,1,5.70,11,9.274,24.880
620,219,3,0.1,2.00,3,9.276,24.900
620,207,1,0.1,2.00,3,9.276,24.900
621,505,5,0.05,5.00,5,9.278,24.920
623,397,4,0.35,3.43,6,9.283,24.960
623,13,1,0.35,3.43,6,9.283,24.960
623,52,1,0.35,3.43,6,9.283,24.960
623,305,6,0.35,3.43,6,9.283,24.960
623,62,3,0.35,3.43,6,9.283,24.960
623,65,4,0.35,3.43,6,9.283,24.960
623,409,5,0.35,3.43,6,9.283,24.960
625,47,3,0.3,6.17,10,9.288,25.000
625,107,5,0.3,6.17,10,9.288,25.000
625,206,8,0.3,6.17,10,9.288,25.000
625,367,7,0.3,6.17,10,9.288,25.000
625,616,10,0.3,6.17,10,9.288,25.000
625,393,4,0.3,6.17,10,9.288,25.000
627,65,4,0.1,4.50,5,9.292,25.040
627,491,5,0.1,4.50,5,9.292,25.040
629,225,3,0.7,4.64,13,9.297,25.080
629,550,13,0.7,4.64,13,9.297,25.080
629,211,3,0.7,4.64,13,9.297,25.080
629,572,5,0.7,4.64,13,9.297,25.080
629,40,3,0.7,4.64,13,9.297,25.080
629,91,3,0.7,4.64,13,9.297,25.080
629,191,4,0.7,4.64,13,9.297,25.080
629,501,6,0.7,4.64,13,9.297,25.080
629,46,2,0.7,4.64,13,9.297,25.080
629,452,10,0.7,4.64,13,9.297,25.080
629,22,2,0.7,4.64,13,9.297,25.080
629,104,5,0.7,4.64,13,9.297,25.080
629,13,3,0.7,4.64,13,9.297,25.080
629,69,3,0.7,4.64,13,9.297,25.080
631,133,8,1,7.60,13,9.301,25.120
631,50,8,1,7.60,13,9.301,25.120
631,7,4,1,7.60,13,9.301,25.120
631,390,6,1,7.60,13,9.301,25.120
631,310,13,1,7.60,13,9.301,25.120
631,559,9,1,7.60,13,9.301,25.120
631,454,11,1,7.60,13,9.301,25.120
631,593,9,1,7.60,13,9.301,25.120
631,219,9,1,7.60,13,9.301,25.120
631,355,2,1,7.60,13,9.301,25.120
631,164,9,1,7.60,13,9.301,25.120
631,117,3,1,7.60,13,9.301,25.120
631,219,9,1,7.60,13,9.301,25.120
631,351,3,1,7.60,13,9.301,25.120
631,186,11,1,7.60,13,9.301,25.120
631,40,3,1,7.60,13,9.301,25.120
631,350,11,1,7.60,13,9.301,25.120
631,493,3,1,7.60,13,9.301,25.120
631,243,8,1,7.60,13,9.301,25.120
631,453,13,1,7.60,13,9.301,25.120
632,135,5,0.05,5.00,5,9.304,25.140
633,475,2,0.15,3.67,6,9.306,25.159
633,190,3,0.15,3.67,6,9.306,25.159
633,514,6,0.15,3.67,6,9.306,25.159
634,311,7,0.05,7.00,7,9.308,25.179
635,519,5,0.45,4.56,6,9.311,25.199
635,237,4,0.45,4.56,6,9.311,25.199
635,34,3,0.45,4.56,6,9.311,25.199
635,531,5,0.45,4.56,6,9.311,25.199
635,3,1,0.45,4.56,6,9.311,25.199
635,496,6,0.45,4.56,6,9.311,25.199
635,521,6,0.45,4.56,6,9.311,25.199
635,204,6,0.45,4.56,6,9.311,25.199
635,399,5,0.45,4.56,6,9.311,25.199
637,251,5,0.35,4.86,8,9.315,25.239
637,32,3,0.35,4.86,8,9.315,25.239
637,509,8,0.35,4.86,8,9.315,25.239
637,267,5,0.35,4.86,8,9.315,25.239
637,239,4,0.35,4.86,8,9.315,25.239
637,412,4,0.35,4.86,8,9.315,25.239
637,349,5,0.35,4.86,8,9.315,25.239
639,326,4,0.15,5.33,7,9.320,25.278
639,562,5,0.15,5.33,7,9.320,25.278
639,370,7,0.15,5.33,7,9.320,25.278
641,423,8,1,6.70,10,9.324,25.318
641,179,6,1,6.70,10,9.324,25.318
641,357,6,1,6.70,10,9.324,25.318
641,602,8,1,6.70,10,9.324,25.318
641,255,10,1,6.70,10,9.324,25.318
641,387,5,1,6.70,10,9.324,25.318
641,127,9,1,6.70,10,9.324,25.318
641,604,10,1,6.70,10,9.324,25.318
641,30,5,1,6.70,10,9.324,25.318
641,42,6,1,6.70,10,9.324,25.318
641,410,7,1,6.70,10,9.324,25.318
641,3,1,1,6.70,10,9.324,25.318
641,304,8,1,6.70,10,9.324,25.318
641,325,4,1,6.70,10,9.324,25.318
641,195,5,1,6.70,10,9.324,25.318
641,145,7,1,6.70,10,9.324,25.318
641,134,6,1,6.70,10,9.324,25.318
641,570,8,1,6.70,10,9.324,25.318
641,298,9,1,6.70,10,9.324,25.318
641,268,6,1,6.70,10,9.324,25.318
643,83,5,1,6.10,10,9.329,25.357
643,334,3,1,6.10,10,9.329,25.357
643,376,6,1,6.10,10,9.329,25.357
643,19,3,1,6.10,10,9.329,25.357
643,614,7,1,6.10,10,9.329,25.357
643,66,4,1,6.10,10,9.329,25.357
643,587,10,1,6.10,10,9.329,25.357
643,124,5,1,6.10,10,9.329,25.357
643,283,6,1,6.10,10,9.329,25.357
643,532,10,1,6.10,10,9.329,25.357
643,594,8,1,6.10,10,9.329,25.357
643,277,7,1,6.10,10,9.329,25.357
643,6,3,1,6.10,10,9.329,25.357
643,430,5,1,6.10,10,9.329,25.357
643,581,5,1,6.10,10,9.329,25.357
643,379,5,1,6.10,10,9.329,25.357
643,235,7,1,6.10,10,9.329,25.357
643,477,7,1,6.10,10,9.329,25.357
643,522,9,1,6.10,10,9.329,25.357
643,397,7,1,6.10,10,9.329,25.357
647,348,5,1,5.75,9,9.338,25.436
647,549,6,1,5.75,9,9.338,25.436
647,286,9,1,5.75,9,9.338,25.436
647,298,5,1,5.75,9,9.338,25.436
647,189,4,1,5.75,9,9.338,25.436
647,301,9,1,5.75,9,9.338,25.436
647,371,3,1,5.75,9,9.338,25.436
647,440,7,1,5.75,9,9.338,25.436
647,552,7,1,5.75,9,9.338,25.436
647,184,4,1,5.75,9,9.338,25.436
647,120,4,1,5.75,9,9.338,25.436
647,203,4,1,5.75,9,9.338,25.436
647,85,4,1,5.75,9,9.338,25.436
647,429,9,1,5.75,9,9.338,25.436
647,387,6,1,5.75,9,9.338,25.436
647,64,5,1,5.75,9,9.338,25.436
647,431,9,1,5.75,9,9.338,25.436
647,58,5,1,5.75,9,9.338,25.436
647,118,3,1,5.75,9,9.338,25.436
647,107,7,1,5.75,9,9.338,25.436
649,162,6,0.85,7.00,12,9.342,25.475
649,415,4,0.85,7.00,12,9.342,25.475
649,268,11,0.85,7.00,12,9.342,25.475
649,434,5,0.85,7.00,12,9.342,25.475
649,160,5,0.85,7.00,12,9.342,25.475
649,524,12,0.85,7.00,12,9.342,25.475
649,576,4,0.85,7.00,12,9.342,25.475
649,287,11,0.85,7.00,12,9.342,25.475
649,449,10,0.85,7.00,12,9.342,25.475
649,623,6,0.85,7.00,12,9.342,25.475
649,206,8,0.85,7.00,12,9.342,25.475
649,468,12,0.85,7.00,12,9.342,25.475
649,45,2,0.85,7.00,12,9.342,25.475
649,114,5,0.85,7.00,12,9.342,25.475
649,229,6,0.85,7.00,12,9.342,25.475
649,307,7,0.85,7.00,12,9.342,25.475
649,213,5,0.85,7.00,12,9.342,25.475
653,145,8,1,7.10,12,9.351,25.554
653,581,10,1,7.10,12,9.351,25.554
653,226,6,1,7.10,12,9.351,25.554
653,66,4,1,7.10,12,9.351,25.554
653,188,8,1,7.10,12,9.351,25.554
653,303,9,1,7.10,12,9.351,25.554
653,634,10,1,7.10,12,9.351,25.554
653,49,5,1,7.10,12,9.351,25.554
653,350,4,1,7.10,12,9.351,25.554
653,84,6,1,7.10,12,9.351,25.554
653,109,1,1,7.10,12,9.351,25.554
653,224,6,1,7.10,12,9.351,25.554
653,536,10,1,7.10,12,9.351,25.554
653,631,12,1,7.10,12,9.351,25.554
653,529,7,1,7.10,12,9.351,25.554
653,518,8,1,7.10,12,9.351,25.554
653,42,6,1,7.10,12,9.351,25.554
653,598,11,1,7.10,12,9.351,25.554
653,490,2,1,7.10,12,9.351,25.554
653,597,9,1,7.10,12,9.351,25.554
655,21,3,0.2,4.25,6,9.355,25.593
655,304,4,0.2,4.25,6,9.355,25.593
655,331,4,0.2,4.25,6,9.355,25.593
655,303,6,0.2,4.25,6,9.355,25.593
657,149,3,0.15,3.00,3,9.360,25.632
657,575,3,0.15,3.00,3,9.360,25.632
657,103,3,0.15,3.00,3,9.360,25.632
659,390,4,1,5.75,10,9.364,25.671
659,305,9,1,5.75,10,9.364,25.671
659,538,9,1,5.75,10,9.364,25.671
659,134,2,1,5.75,10,9.364,25.671
659,542,9,1,5.75,10,9.364,25.671
659,507,4,1,5.75,10,9.364,25.671
659,489,9,1,5.75,10,9.364,25.671
659,602,8,1,5.75,10,9.364,25.671
659,106,3,1,5.75,10,9.364,25.671
659,345,5,1,5.75,10,9.364,25.671
659,327,10,1,5.75,10,9.364,25.671
659,289,4,1,5.75,10,9.364,25.671
659,474,5,1,5.75,10,9.364,25.671
659,418,7,1,5.75,10,9.364,25.671
659,223,2,1,5.75,10,9.364,25.671
659,351,5,1,5.75,10,9.364,25.671
659,357,2,1,5.75,10,9.364,25.671
659,144,3,1,5.75,10,9.364,25.671
659,249,6,1,5.75,10,9.364,25.671
659,527,9,1,5.75,10,9.364,25.671
661,548,6,1,8.80,16,9.369,25.710
661,252,5,1,8.80,16,9.369,25.710
661,86,10,1,8.80,16,9.369,25.710
661,420,12,1,8.80,16,9.369,25.710
661,50,3,1,8.80,16,9.369,25.710
661,301,12,1,8.80,16,9.369,25.710
661,66,11,1,8.80,16,9.369,25.710
661,69,7,1,8.80,16,9.369,25.710
661,404,7,1,8.80,16,9.369,25.710
661,602,8,1,8.80,16,9.369,25.710
661,148,5,1,8.80,16,9.369,25.710
661,360,14,1,8.80,16,9.369,25.710
661,6,5,1,8.80,16,9.369,25.710
661,430,11,1,8.80,16,9.369,25.710
661,323,16,1,8.80,16,9.369,25.710
661,490,9,1,8.80,16,9.369,25.710
661,352,11,1,8.80,16,9.369,25.710
661,602,8,1,8.80,16,9.369,25.710
661,573,13,1,8.80,16,9.369,25.710
661,83,3,1,8.80,16,9.369,25.710
662,305,4,0.2,3.75,4,9.371,25.729
662,305,4,0.2,3.75,4,9.371,25.729
662,297,4,0.2,3.75,4,9.371,25.729
662,23,3,0.2,3.75,4,9.371,25.729
663,547,5,0.2,3.00,5,9.373,25.749
663,73,4,0.2,3.00,5,9.373,25.749
663,11,2,0.2,3.00,5,9.373,25.749
663,166,1,0.2,3.00,5,9.373,25.749
665,334,2,0.25,2.60,5,9.377,25.788
665,391,3,0.25,2.60,5,9.377,25.788
665,11,2,0.25,2.60,5,9.377,25.788
665,18,1,0.25,2.60,5,9.377,25.788
665,362,5,0.25,2.60,5,9.377,25.788
667,124,8,0.85,7.94,12,9.382,25.826
667,218,12,0.85,7.94,12,9.382,25.826
667,190,9,0.85,7.94,12,9.382,25.826
667,182,3,0.85,7.94,12,9.382,25.826
667,260,4,0.85,7.94,12,9.382,25.826
667,83,9,0.85,7.94,12,9.382,25.826
667,71,6,0.85,7.94,12,9.382,25.826
667,413,11,0.85,7.94,12,9.382,25.826
667,549,6,0.85,7.94,12,9.382,25.826
667,215,10,0.85,7.94,12,9.382,25.826
667,269,9,0.85,7.94,12,9.382,25.826
667,40,7,0.85,7.94,12,9.382,25.826
667,270,6,0.85,7.94,12,9.382,25.826
667,507,7,0.85,7.94,12,9.382,25.826
667,284,10,0.85,7.94,12,9.382,25.826
667,127,10,0.85,7.94,12,9.382,25.826
667,76,8,0.85,7.94,12,9.382,25.826
669,5,1,0.1,3.00,5,9.386,25.865
669,361,5,0.1,3.00,5,9.386,25.865
671,507,4,0.7,4.00,7,9.390,25.904
671,126,4,0.7,4.00,7,9.390,25.904
671,41,4,0.7,4.00,7,9.390,25.904
671,60,4,0.7,4.00,7,9.390,25.904
671,151,2,0.7,4.00,7,9.390,25.904
671,181,6,0.7,4.00,7,9.390,25.904
671,102,5,0.7,4.00,7,9.390,25.904
671,8,1,0.7,4.00,7,9.390,25.904
671,386,6,0.7,4.00,7,9.390,25.904
671,532,7,0.7,4.00,7,9.390,25.904
671,524,7,0.7,4.00,7,9.390,25.904
671,466,3,0.7,4.00,7,9.390,25.904
671,113,2,0.7,4.00,7,9.390,25.904
671,42,1,0.7,4.00,7,9.390,25.904
673,421,4,1,5.90,16,9.394,25.942
673,2,1,1,5.90,16,9.394,25.942
673,171,4,1,5.90,16,9.394,25.942
673,237,5,1,5.90,16,9.394,25.942
673,213,5,1,5.90,16,9.394,25.942
673,636,16,1,5.90,16,9.394,25.942
673,86,3,1,5.90,16,9.394,25.942
673,643,11,1,5.90,16,9.394,25.942
673,603,6,1,5.90,16,9.394,25.942
673,188,6,1,5.90,16,9.394,25.942
673,72,6,1,5.90,16,9.394,25.942
673,541,6,1,5.90,16,9.394,25.942
673,410,5,1,5.90,16,9.394,25.942
673,9,2,1,5.90,16,9.394,25.942
673,496,7,1,5.90,16,9.394,25.942
673,195,6,1,5.90,16,9.394,25.942
673,90,6,1,5.90,16,9.394,25.942
673,595,7,1,5.90,16,9.394,25.942
673,140,3,1,5.90,16,9.394,25.942
673,468,9,1,5.90,16,9.394,25.942
675,106,5,0.15,6.33,9,9.399,25.981
675,656,9,0.15,6.33,9,9.399,25.981
675,509,5,0.15,6.33,9,9.399,25.981
677,232,4,1,6.25,12,9.403,26.019
677,231,5,1,6.25,12,9.403,26.019
677,201,4,1,6.25,12,9.403,26.019
677,2,1,1,6.25,12,9.403,26.019
677,144,5,1,6.25,12,9.403,26.019
677,656,7,1,6.25,12,9.403,26.019
677,210,7,1,6.25,12,9.403,26.019
677,293,8,1,6.25,12,9.403,26.019
677,508,2,1,6.25,12,9.403,26.019
677,457,4,1,6.25,12,9.403,26.019
677,452,4,1,6.25,12,9.403,26.019
677,55,4,1,6.25,12,9.403,26.019
677,664,11,1,6.25,12,9.403,26.019
677,414,9,1,6.25,12,9.403,26.019
677,9,3,1,6.25,12,9.403,26.019
677,132,6,1,6.25,12,9.403,26.019
677,219,11,1,6.25,12,9.403,26.019
677,277,9,1,6.25,12,9.403,26.019
677,448,12,1,6.25,12,9.403,26.019
677,276,9,1,6.25,12,9.403,26.019
679,571,6,0.4,5.25,11,9.407,26.058
679,563,8,0.4,5.25,11,9.407,26.058
679,36,2,0.4,5.25,11,9.407,26.058
679,506,11,0.4,5.25,11,9.407,26.058
679,327,4,0.4,5.25,11,9.407,26.058
679,327,4,0.4,5.25,11,9.407,26.058
679,15,4,0.4,5.25,11,9.407,26.058
679,349,3,0.4,5.25,11,9.407,26.058
681,424,5,0.1,3.00,5,9.412,26.096
681,62,1,0.1,3.00,5,9.412,26.096
683,322,11,1,6.25,11,9.416,26.134
683,250,4,1,6.25,11,9.416,26.134
683,481,6,1,6.25,11,9.416,26.134
683,255,8,1,6.25,11,9.416,26.134
683,121,4,1,6.25,11,9.416,26.134
683,501,5,1,6.25,11,9.416,26.134
683,372,4,1,6.25,11,9.416,26.134
683,210,7,1,6.25,11,9.416,26.134
683,540,7,1,6.25,11,9.416,26.134
683,172,3,1,6.25,11,9.416,26.134
683,332,11,1,6.25,11,9.416,26.134
683,486,5,1,6.25,11,9.416,26.134
683,307,6,1,6.25,11,9.416,26.134
683,169,8,1,6.25,11,9.416,26.134
683,219,6,1,6.25,11,9.416,26.134
683,181,4,1,6.25,11,9.416,26.134
683,407,4,1,6.25,11,9.416,26.134
683,421,7,1,6.25,11,9.416,26.134
683,544,8,1,6.25,11,9.416,26.134
683,364,7,1,6.25,11,9.416,26.134
685,638,11,0.5,7.00,11,9.420,26.173
685,182,4,0.5,7.00,11,9.420,26.173
685,116,5,0.5,7.00,11,9.420,26.173
685,364,4,0.5,7.00,11,9.420,26.173
685,356,8,0.5,7.00,11,9.420,26.173
685,616,11,0.5,7.00,11,9.420,26.173
685,327,8,0.5,7.00,11,9.420,26.173
685,653,6,0.5,7.00,11,9.420,26.173
685,479,9,0.5,7.00,11,9.420,26.173
685,63,4,0.5,7.00,11,9.420,26.173
687,37,2,0.2,4.50,9,9.424,26.211
687,572,9,0.2,4.50,9,9.424,26.211
687,380,3,0.2,4.50,9,9.424,26.211
687,38,4,0.2,4.50,9,9.424,26.211
689,594,8,0.85,6.88,12,9.428,26.249
689,81,7,0.85,6.88,12,9.428,26.249
689,454,9,0.85,6.88,12,9.428,26.249
689,595,11,0.85,6.88,12,9.428,26.249
689,452,7,0.85,6.88,12,9.428,26.249
689,532,9,0.85,6.88,12,9.428,26.249
689,69,1,0.85,6.88,12,9.428,26.249
689,543,4,0.85,6.88,12,9.428,26.249
689,340,8,0.85,6.88,12,9.428,26.249
689,589,5,0.85,6.88,12,9.428,26.249
689,428,8,0.85,6.88,12,9.428,26.249
689,223,5,0.85,6.88,12,9.428,26.249
689,135,7,0.85,6.88,12,9.428,26.249
689,573,12,0.85,6.88,12,9.428,26.249
689,541,7,0.85,6.88,12,9.428,26.249
689,528,8,0.85,6.88,12,9.428,26.249
689,30,1,0.85,6.88,12,9.428,26.249
691,419,6,1,5.90,9,9.433,26.287
691,520,4,1,5.90,9,9.433,26.287
691,254,6,1,5.90,9,9.433,26.287
691,217,6,1,5.90,9,9.433,26.287
691,109,5,1,5.90,9,9.433,26.287
691,451,9,1,5.90,9,9.433,26.287
691,370,6,1,5.90,9,9.433,26.287
691,317,5,1,5.90,9,9.433,26.287
691,42,6,1,5.90,9,9.433,26.287
691,312,6,1,5.90,9,9.433,26.287
691,482,5,1,5.90,9,9.433,26.287
691,163,9,1,5.90,9,9.433,26.287
691,575,9,1,5.90,9,9.433,26.287
691,83,6,1,5.90,9,9.433,26.287
691,253,6,1,5.90,9,9.433,26.287
691,158,3,1,5.90,9,9.433,26.287
691,373,5,1,5.90,9,9.433,26.287
691,384,3,1,5.90,9,9.433,26.287
691,333,6,1,5.90,9,9.433,26.287
691,380,7,1,5.90,9,9.433,26.287
692,323,4,0.15,2.67,4,9.435,26.306
692,37,2,0.15,2.67,4,9.435,26.306
692,19,2,0.15,2.67,4,9.435,26.306
693,139,2,0.05,2.00,2,9.437,26.325
695,87,1,0.15,5.00,11,9.441,26.363
695,666,11,0.15,5.00,11,9.441,26.363
695,543,3,0.15,5.00,11,9.441,26.363
696,161,4,0.05,4.00,4,9.443,26.382
697,613,6,0.95,7.16,13,9.445,26.401
697,390,5,0.95,7.16,13,9.445,26.401
697,98,10,0.95,7.16,13,9.445,26.401
697,333,13,0.95,7.16,13,9.445,26.401
697,678,11,0.95,7.16,13,9.445,26.401
697,485,6,0.95,7.16,13,9.445,26.401
697,84,6,0.95,7.16,13,9.445,26.401
697,390,5,0.95,7.16,13,9.445,26.401
697,71,5,0.95,7.16,13,9.445,26.401
697,161,7,0.95,7.16,13,9.445,26.401
697,212,8,0.95,7.16,13,9.445,26.401
697,543,7,0.95,7.16,13,9.445,26.401
697,186,6,0.95,7.16,13,9.445,26.401
697,146,6,0.95,7.16,13,9.445,26.401
697,360,6,0.95,7.16,13,9.445,26.401
697,397,6,0.95,7.16,13,9.445,26.401
697,162,8,0.95,7.16,13,9.445,26.401
697,259,7,0.95,7.16,13,9.445,26.401
697,203,8,0.95,7.16,13,9.445,26.401
699,533,3,0.3,4.50,7,9.449,26.439
699,232,7,0.3,4.50,7,9.449,26.439
699,100,1,0.3,4.50,7,9.449,26.439
699,161,5,0.3,4.50,7,9.449,26.439
699,386,4,0.3,4.50,7,9.449,26.439
699,658,7,0.3,4.50,7,9.449,26.439
701,659,8,1,5.80,9,9.453,26.476
701,632,6,1,5.80,9,9.453,26.476
701,334,7,1,5.80,9,9.453,26.476
701,362,5,1,5.80,9,9.453,26.476
701,609,7,1,5.80,9,9.453,26.476
701,69,6,1,5.80,9,9.453,26.476
701,253,6,1,5.80,9,9.453,26.476
701,418,8,1,5.80,9,9.453,26.476
701,89,3,1,5.80,9,9.453,26.476
701,467,9,1,5.80,9,9.453,26.476
701,387,6,1,5.80,9,9.453,26.476
701,442,6,1,5.80,9,9.453,26.476
701,420,8,1,5.80,9,9.453,26.476
701,248,5,1,5.80,9,9.453,26.476
701,133,6,1,5.80,9,9.453,26.476
701,298,4,1,5.80,9,9.453,26.476
701,579,5,1,5.80,9,9.453,26.476
701,3,1,1,5.80,9,9.453,26.476
701,59,3,1,5.80,9,9.453,26.476
701,605,7,1,5.80,9,9.453,26.476
703,515,6,0.8,5.94,16,9.457,26.514
703,471,4,0.8,5.94,16,9.457,26.514
703,173,9,0.8,5.94,16,9.457,26.514
703,654,10,0.8,5.94,16,9.457,26.514
703,412,6,0.8,5.94,16,9.457,26.514
703,568,8,0.8,5.94,16,9.457,26.514
703,142,3,0.8,5.94,16,9.457,26.514
703,412,6,0.8,5.94,16,9.457,26.514
703,309,7,0.8,5.94,16,9.457,26.514
703,253,4,0.8,5.94,16,9.457,26.514
703,25,2,0.8,5.94,16,9.457,26.514
703,42,2,0.8,5.94,16,9.457,26.514
703,692,16,0.8,5.94,16,9.457,26.514
703,210,4,0.8,5.94,16,9.457,26.514
703,92,6,0.8,5.94,16,9.457,26.514
703,51,2,0.8,5.94,16,9.457,26.514
704,115,3,0.05,3.00,3,9.459,26.533
705,704,16,0.05,16.00,16,9.461,26.552
706,67,3,0.05,3.00,3,9.464,26.571
707,156,4,0.6,6.17,9,9.466,26.589
707,86,7,0.6,6.17,9,9.466,26.589
707,66,7,0.6,6.17,9,9.466,26.589
707,603,7,0.6,6.17,9,9.466,26.589
707,176,9,0.6,6.17,9,9.466,26.589
707,335,6,0.6,6.17,9,9.466,26.589
707,199,4,0.6,6.17,9,9.466,26.589
707,80,5,0.6,6.17,9,9.466,26.589
707,291,5,0.6,6.17,9,9.466,26.589
707,685,6,0.6,6.17,9,9.466,26.589
707,466,7,0.6,6.17,9,9.466,26.589
707,258,7,0.6,6.17,9,9.466,26.589
709,505,9,1,7.60,14,9.470,26.627
709,422,9,1,7.60,14,9.470,26.627
709,546,9,1,7.60,14,9.470,26.627
709,644,9,1,7.60,14,9.470,26.627
709,472,11,1,7.60,14,9.470,26.627
709,185,5,1,7.60,14,9.470,26.627
709,209,6,1,7.60,14,9.470,26.627
709,160,6,1,7.60,14,9.470,26.627
709,435,9,1,7.60,14,9.470,26.627
709,619,14,1,7.60,14,9.470,26.627
709,538,7,1,7.60,14,9.470,26.627
709,323,3,1,7.60,14,9.470,26.627
709,348,6,1,7.60,14,9.470,26.627
709,632,10,1,7.60,14,9.470,26.627
709,142,1,1,7.60,14,9.470,26.627
709,289,7,1,7.60,14,9.470,26.627
709,647,7,1,7.60,14,9.470,26.627
709,441,4,1,7.60,14,9.470,26.627
709,251,9,1,7.60,14,9.470,26.627
709,236,11,1,7.60,14,9.470,26.627
711,446,4,0.05,4.00,4,9.474,26.665
713,311,7,0.9,6.67,11,9.478,26.702
713,642,6,0.9,6.67,11,9.478,26.702
713,158,6,0.9,6.67,11,9.478,26.702
713,118,6,0.9,6.67,11,9.478,26.702
713,614,4,0.9,6.67,11,9.478,26.702
713,258,5,0.9,6.67,11,9.478,26.702
713,350,6,0.9,6.67,11,9.478,26.702
713,512,8,0.9,6.67,11,9.478,26.702
713,99,7,0.9,6.67,11,9.478,26.702
713,530,11,0.9,6.67,11,9.478,26.702
713,274,7,0.9,6.67,11,9.478,26.702
713,699,10,0.9,6.67,11,9.478,26.702
713,350,6,0.9,6.67,11,9.478,26.702
713,118,6,0.9,6.67,11,9.478,26.702
713,205,4,0.9,6.67,11,9.478,26.702
713,336,7,0.9,6.67,11,9.478,26.702
713,346,5,0.9,6.67,11,9.478,26.702
713,528,9,0.9,6.67,11,9.478,26.702
717,2,1,0.05,1.00,1,9.486,26.777
719,468,5,1,4.50,10,9.490,26.814
719,133,6,1,4.50,10,9.490,26.814
719,250,4,1,4.50,10,9.490,26.814
719,361,2,1,4.50,10,9.490,26.814
719,277,6,1,4.50,10,9.490,26.814
719,101,5,1,4.50,10,9.490,26.814
719,509,10,1,4.50,10,9.490,26.814
719,264,5,1,4.50,10,9.490,26.814
719,210,4,1,4.50,10,9.490,26.814
719,152,4,1,4.50,10,9.490,26.814
719,271,5,1,4.50,10,9.490,26.814
719,72,1,1,4.50,10,9.490,26.814
719,479,7,1,4.50,10,9.490,26.814
719,94,4,1,4.50,10,9.490,26.814
719,641,7,1,4.50,10,9.490,26.814
719,59,2,1,4.50,10,9.490,26.814
719,294,5,1,4.50,10,9.490,26.814
719,366,3,1,4.50,10,9.490,26.814
719,122,3,1,4.50,10,9.490,26.814
719,382,2,1,4.50,10,9.490,26.814
721,250,5,0.25,5.60,10,9.494,26.851
721,89,5,0.25,5.60,10,9.494,26.851
721,361,1,0.25,5.60,10,9.494,26.851
721,326,7,0.25,5.60,10,9.494,26.851
721,692,10,0.25,5.60,10,9.494,26.851
722,279,5,0.1,4.00,5,9.496,26.870
722,289,3,0.1,4.00,5,9.496,26.870
723,5,2,0.25,4.40,10,9.498,26.889
723,145,2,0.25,4.40,10,9.498,26.889
723,235,4,0.25,4.40,10,9.498,26.889
723,107,4,0.25,4.40,10,9.498,26.889
723,692,10,0.25,4.40,10,9.498,26.889
725,16,2,0.45,4.89,7,9.502,26.926
725,383,4,0.45,4.89,7,9.502,26.926
725,498,7,0.45,4.89,7,9.502,26.926
725,311,7,0.45,4.89,7,9.502,26.926
725,264,5,0.45,4.89,7,9.502,26.926
725,126,5,0.45,4.89,7,9.502,26.926
725,248,4,0.45,4.89,7,9.502,26.926
725,482,7,0.45,4.89,7,9.502,26.926
725,256,3,0.45,4.89,7,9.502,26.926
727,697,6,1,6.00,10,9.506,26.963
727,474,6,1,6.00,10,9.506,26.963
727,382,3,1,6.00,10,9.506,26.963
727,442,5,1,6.00,10,9.506,26.963
727,263,4,1,6.00,10,9.506,26.963
727,379,4,1,6.00,10,9.506,26.963
727,570,7,1,6.00,10,9.506,26.963
727,131,7,1,6.00,10,9.506,26.963
727,72,5,1,6.00,10,9.506,26.963
727,259,5,1,6.00,10,9.506,26.963
727,231,6,1,6.00,10,9.506,26.963
727,432,7,1,6.00,10,9.506,26.963
727,218,10,1,6.00,10,9.506,26.963
727,549,4,1,6.00,10,9.506,26.963
727,693,8,1,6.00,10,9.506,26.963
727,88,5,1,6.00,10,9.506,26.963
727,604,8,1,6.00,10,9.506,26.963
727,698,8,1,6.00,10,9.506,26.963
727,145,9,1,6.00,10,9.506,26.963
727,44,3,1,6.00,10,9.506,26.963
729,647,4,0.05,4.00,4,9.510,27.000
731,596,11,1,6.85,15,9.514,27.037
731,481,6,1,6.85,15,9.514,27.037
731,91,3,1,6.85,15,9.514,27.037
731,385,6,1,6.85,15,9.514,27.037
731,575,6,1,6.85,15,9.514,27.037
731,396,2,1,6.85,15,9.514,27.037
731,325,2,1,6.85,15,9.514,27.037
731,685,15,1,6.85,15,9.514,27.037
731,686,6,1,6.85,15,9.514,27.037
731,474,6,1,6.85,15,9.514,27.037
731,56,4,1,6.85,15,9.514,27.037
731,135,10,1,6.85,15,9.514,27.037
731,12,1,1,6.85,15,9.514,27.037
731,206,7,1,6.85,15,9.514,27.037
731,433,11,1,6.85,15,9.514,27.037
731,725,12,1,6.85,15,9.514,27.037
731,159,6,1,6.85,15,9.514,27.037
731,533,6,1,6.85,15,9.514,27.037
731,530,7,1,6.85,15,9.514,27.037
731,182,10,1,6.85,15,9.514,27.037
733,461,5,1,7.00,16,9.518,27.074
733,497,6,1,7.00,16,9.518,27.074
733,656,8,1,7.00,16,9.518,27.074
733,561,6,1,7.00,16,9.518,27.074
733,343,7,1,7.00,16,9.518,27.074
733,328,5,1,7.00,16,9.518,27.074
733,17,3,1,7.00,16,9.518,27.074
733,372,5,1,7.00,16,9.518,27.074
733,361,10,1,7.00,16,9.518,27.074
733,87,5,1,7.00,16,9.518,27.074
733,580,10,1,7.00,16,9.518,27.074
733,419,3,1,7.00,16,9.518,27.074
733,198,5,1,7.00,16,9.518,27.074
733,730,16,1,7.00,16,9.518,27.074
733,183,8,1,7.00,16,9.518,27.074
733,676,9,1,7.00,16,9.518,27.074
733,319,6,1,7.00,16,9.518,27.074
733,516,8,1,7.00,16,9.518,27.074
733,489,3,1,7.00,16,9.518,27.074
733,670,12,1,7.00,16,9.518,27.074
734,245,1,0.05,1.00,1,9.520,27.092
737,470,6,0.75,6.40,11,9.526,27.148
737,372,4,0.75,6.40,11,9.526,27.148
737,411,6,0.75,6.40,11,9.526,27.148
737,373,2,0.75,6.40,11,9.526,27.148
737,289,5,0.75,6.40,11,9.526,27.148
737,183,7,0.75,6.40,11,9.526,27.148
737,432,6,0.75,6.40,11,9.526,27.148
737,163,5,0.75,6.40,11,9.526,27.148
737,456,5,0.75,6.40,11,9.526,27.148
737,171,8,0.75,6.40,11,9.526,27.148
737,502,7,0.75,6.40,11,9.526,27.148
737,157,6,0.75,6.40,11,9.526,27.148
737,454,9,0.75,6.40,11,9.526,27.148
737,366,9,0.75,6.40,11,9.526,27.148
737,459,11,0.75,6.40,11,9.526,27.148
739,208,3,1,7.30,17,9.529,27.185
739,447,7,1,7.30,17,9.529,27.185
739,163,7,1,7.30,17,9.529,27.185
739,267,3,1,7.30,17,9.529,27.185
739,218,8,1,7.30,17,9.529,27.185
739,673,8,1,7.30,17,9.529,27.185
739,634,11,1,7.30,17,9.529,27.185
739,551,6,1,7.30,17,9.529,27.185
739,592,6,1,7.30,17,9.529,27.185
739,267,3,1,7.30,17,9.529,27.185
739,665,9,1,7.30,17,9.529,27.185
739,457,6,1,7.30,17,9.529,27.185
739,390,8,1,7.30,17,9.529,27.185
739,359,7,1,7.30,17,9.529,27.185
739,222,4,1,7.30,17,9.529,27.185
739,712,16,1,7.30,17,9.529,27.185
739,293,5,1,7.30,17,9.529,27.185
739,152,6,1,7.30,17,9.529,27.185
739,557,6,1,7.30,17,9.529,27.185
739,726,17,1,7.30,17,9.529,27.185
741,34,2,0.15,3.00,5,9.533,27.221
741,583,5,0.15,3.00,5,9.533,27.221
741,556,2,0.15,3.00,5,9.533,27.221
743,388,5,1,6.95,11,9.537,27.258
743,82,7,1,6.95,11,9.537,27.258
743,216,8,1,6.95,11,9.537,27.258
743,197,5,1,6.95,11,9.537,27.258
743,112,7,1,6.95,11,9.537,27.258
743,249,2,1,6.95,11,9.537,27.258
743,92,5,1,6.95,11,9.537,27.258
743,686,7,1,6.95,11,9.537,27.258
743,684,10,1,6.95,11,9.537,27.258
743,612,10,1,6.95,11,9.537,27.258
743,404,6,1,6.95,11,9.537,27.258
743,363,9,1,6.95,11,9.537,27.258
743,29,4,1,6.95,11,9.537,27.258
743,159,6,1,6.95,11,9.537,27.258
743,463,8,1,6.95,11,9.537,27.258
743,292,8,1,6.95,11,9.537,27.258
743,585,6,1,6.95,11,9.537,27.258
743,547,6,1,6.95,11,9.537,27.258
743,674,9,1,6.95,11,9.537,27.258
743,724,11,1,6.95,11,9.537,27.258
745,668,7,0.4,6.00,8,9.541,27.295
745,47,5,0.4,6.00,8,9.541,27.295
745,289,7,0.4,6.00,8,9.541,27.295
745,289,7,0.4,6.00,8,9.541,27.295
745,677,8,0.4,6.00,8,9.541,27.295
745,701,8,0.4,6.00,8,9.541,27.295
745,3,2,0.4,6.00,8,9.541,27.295
745,107,4,0.4,6.00,8,9.541,27.295
746,299,3,0.05,3.00,3,9.543,27.313
747,467,2,0.2,4.25,8,9.545,27.331
747,122,3,0.2,4.25,8,9.545,27.331
747,680,8,0.2,4.25,8,9.545,27.331
747,19,4,0.2,4.25,8,9.545,27.331
749,212,4,0.65,4.69,8,9.549,27.368
749,240,5,0.65,4.69,8,9.549,27.368
749,8,2,0.65,4.69,8,9.549,27.368
749,559,8,0.65,4.69,8,9.549,27.368
749,380,3,0.65,4.69,8,9.549,27.368
749,29,2,0.65,4.69,8,9.549,27.368
749,736,7,0.65,4.69,8,9.549,27.368
749,442,6,0.65,4.69,8,9.549,27.368
749,360,8,0.65,4.69,8,9.549,27.368
749,391,3,0.65,4.69,8,9.549,27.368
749,251,3,0.65,4.69,8,9.549,27.368
749,704,6,0.65,4.69,8,9.549,27.368
749,474,4,0.65,4.69,8,9.549,27.368
751,335,4,1,7.10,11,9.553,27.404
751,714,10,1,7.10,11,9.553,27.404
751,556,10,1,7.10,11,9.553,27.404
751,22,5,1,7.10,11,9.553,27.404
751,553,7,1,7.10,11,9.553,27.404
751,307,7,1,7.10,11,9.553,27.404
751,324,4,1,7.10,11,9.553,27.404
751,454,9,1,7.10,11,9.553,27.404
751,677,9,1,7.10,11,9.553,27.404
751,670,9,1,7.10,11,9.553,27.404
751,363,7,1,7.10,11,9.553,27.404
751,299,10,1,7.10,11,9.553,27.404
751,525,11,1,7.10,11,9.553,27.404
751,224,6,1,7.10,11,9.553,27.404
751,34,7,1,7.10,11,9.553,27.404
751,82,3,1,7.10,11,9.553,27.404
751,267,5,1,7.10,11,9.553,27.404
751,456,5,1,7.10,11,9.553,27.404
751,419,7,1,7.10,11,9.553,27.404
751,441,7,1,7.10,11,9.553,27.404
754,255,3,0.05,3.00,3,9.558,27.459
755,736,8,0.45,6.22,10,9.560,27.477
755,687,7,0.45,6.22,10,9.560,27.477
755,618,7,0.45,6.22,10,9.560,27.477
755,346,7,0.45,6.22,10,9.560,27.477
755,407,3,0.45,6.22,10,9.560,27.477
755,658,10,0.45,6.22,10,9.560,27.477
755,656,8,0.45,6.22,10,9.560,27.477
755,189,1,0.45,6.22,10,9.560,27.477
755,499,5,0.45,6.22,10,9.560,27.477
757,346,7,1,7.00,14,9.564,27.514
757,594,12,1,7.00,14,9.564,27.514
757,459,5,1,7.00,14,9.564,27.514
757,340,5,1,7.00,14,9.564,27.514
757,393,5,1,7.00,14,9.564,27.514
757,126,5,1,7.00,14,9.564,27.514
757,353,7,1,7.00,14,9.564,27.514
757,697,12,1,7.00,14,9.564,27.514
757,322,5,1,7.00,14,9.564,27.514
757,520,7,1,7.00,14,9.564,27.514
757,569,5,1,7.00,14,9.564,27.514
757,156,3,1,7.00,14,9.564,27.514
757,668,7,1,7.00,14,9.564,27.514
757,407,8,1,7.00,14,9.564,27.514
757,743,14,1,7.00,14,9.564,27.514
757,308,5,1,7.00,14,9.564,27.514
757,197,7,1,7.00,14,9.564,27.514
757,656,9,1,7.00,14,9.564,27.514
757,520,7,1,7.00,14,9.564,27.514
757,56,5,1,7.00,14,9.564,27.514
758,11,1,0.05,1.00,1,9.566,27.532
759,41,2,0.1,4.00,6,9.568,27.550
759,712,6,0.1,4.00,6,9.568,27.550
761,334,6,1,6.55,10,9.572,27.586
761,122,7,1,6.55,10,9.572,27.586
761,87,5,1,6.55,10,9.572,27.586
761,574,4,1,6.55,10,9.572,27.586
761,468,7,1,6.55,10,9.572,27.586
761,23,5,1,6.55,10,9.572,27.586
761,317,10,1,6.55,10,9.572,27.586
761,168,7,1,6.55,10,9.572,27.586
761,735,10,1,6.55,10,9.572,27.586
761,150,8,1,6.55,10,9.572,27.586
761,367,6,1,6.55,10,9.572,27.586
761,433,8,1,6.55,10,9.572,27.586
761,738,10,1,6.55,10,9.572,27.586
761,73,6,1,6.55,10,9.572,27.586
761,149,6,1,6.55,10,9.572,27.586
761,242,6,1,6.55,10,9.572,27.586
761,620,8,1,6.55,10,9.572,27.586
761,6,1,1,6.55,10,9.572,27.586
761,482,5,1,6.55,10,9.572,27.586
761,576,6,1,6.55,10,9.572,27.586
763,34,5,0.6,4.83,8,9.576,27.622
763,104,5,0.6,4.83,8,9.576,27.622
763,265,4,0.6,4.83,8,9.576,27.622
763,60,3,0.6,4.83,8,9.576,27.622
763,614,8,0.6,4.83,8,9.576,27.622
763,524,6,0.6,4.83,8,9.576,27.622
763,286,6,0.6,4.83,8,9.576,27.622
763,51,2,0.6,4.83,8,9.576,27.622
763,241,6,0.6,4.83,8,9.576,27.622
763,272,5,0.6,4.83,8,9.576,27.622
763,20,3,0.6,4.83,8,9.576,27.622
763,485,5,0.6,4.83,8,9.576,27.622
764,259,3,0.05,3.00,3,9.577,27.641
766,13,1,0.05,1.00,1,9.581,27.677
767,25,2,0.85,4.65,8,9.583,27.695
767,557,5,0.85,4.65,8,9.583,27.695
767,64,1,0.85,4.65,8,9.583,27.695
767,664,8,0.85,4.65,8,9.583,27.695
767,462,5,0.85,4.65,8,9.583,27.695
767,652,5,0.85,4.65,8,9.583,27.695
767,120,5,0.85,4.65,8,9.583,27.695
767,38,3,0.85,4.65,8,9.583,27.695
767,225,4,0.85,4.65,8,9.583,27.695
767,58,5,0.85,4.65,8,9.583,27.695
767,587,4,0.85,4.65,8,9.583,27.695
767,66,3,0.85,4.65,8,9.583,27.695
767,365,6,0.85,4.65,8,9.583,27.695
767,600,5,0.85,4.65,8,9.583,27.695
767,698,7,0.85,4.65,8,9.583,27.695
767,387,3,0.85,4.65,8,9.583,27.695
767,460,8,0.85,4.65,8,9.583,27.695
769,706,6,1,4.85,9,9.587,27.731
769,611,6,1,4.85,9,9.587,27.731
769,482,3,1,4.85,9,9.587,27.731
769,434,5,1,4.85,9,9.587,27.731
769,423,2,1,4.85,9,9.587,27.731
769,437,5,1,4.85,9,9.587,27.731
769,419,6,1,4.85,9,9.587,27.731
769,457,5,1,4.85,9,9.587,27.731
769,122,5,1,4.85,9,9.587,27.731
769,39,2,1,4.85,9,9.587,27.731
769,293,2,1,4.85,9,9.587,27.731
769,206,2,1,4.85,9,9.587,27.731
769,431,6,1,4.85,9,9.587,27.731
769,694,7,1,4.85,9,9.587,27.731
769,438,4,1,4.85,9,9.587,27.731
769,623,5,1,4.85,9,9.587,27.731
769,192,8,1,4.85,9,9.587,27.731
769,742,9,1,4.85,9,9.587,27.731
769,637,5,1,4.85,9,9.587,27.731
769,612,4,1,4.85,9,9.587,27.731
771,583,6,0.1,6.00,6,9.591,27.767
771,487,6,0.1,6.00,6,9.591,27.767
773,592,6,1,6.15,12,9.594,27.803
773,737,9,1,6.15,12,9.594,27.803
773,214,5,1,6.15,12,9.594,27.803
773,102,2,1,6.15,12,9.594,27.803
773,720,9,1,6.15,12,9.594,27.803
773,50,6,1,6.15,12,9.594,27.803
773,96,4,1,6.15,12,9.594,27.803
773,501,8,1,6.15,12,9.594,27.803
773,329,6,1,6.15,12,9.594,27.803
773,202,8,1,6.15,12,9.594,27.803
773,72,3,1,6.15,12,9.594,27.803
773,178,4,1,6.15,12,9.594,27.803
773,438,4,1,6.15,12,9.594,27.803
773,85,5,1,6.15,12,9.594,27.803
773,127,6,1,6.15,12,9.594,27.803
773,439,5,1,6.15,12,9.594,27.803
773,665,9,1,6.15,12,9.594,27.803
773,456,7,1,6.15,12,9.594,27.803
773,675,12,1,6.15,12,9.594,27.803
773,58,5,1,6.15,12,9.594,27.803
775,149,5,0.5,6.10,11,9.598,27.839
775,42,4,0.5,6.10,11,9.598,27.839
775,768,11,0.5,6.10,11,9.598,27.839
775,536,5,0.5,6.10,11,9.598,27.839
775,728,7,0.5,6.10,11,9.598,27.839
775,564,8,0.5,6.10,11,9.598,27.839
775,59,4,0.5,6.10,11,9.598,27.839
775,224,6,0.5,6.10,11,9.598,27.839
775,331,3,0.5,6.10,11,9.598,27.839
775,733,8,0.5,6.10,11,9.598,27.839
776,9,2,0.1,1.50,2,9.600,27.857
776,21,1,0.1,1.50,2,9.600,27.857
779,500,6,0.75,5.13,9,9.605,27.911
779,611,8,0.75,5.13,9,9.605,27.911
779,603,5,0.75,5.13,9,9.605,27.911
779,362,6,0.75,5.13,9,9.605,27.911
779,275,3,0.75,5.13,9,9.605,27.911
779,339,8,0.75,5.13,9,9.605,27.911
779,158,3,0.75,5.13,9,9.605,27.911
779,474,4,0.75,5.13,9,9.605,27.911
779,715,6,0.75,5.13,9,9.605,27.911
779,216,4,0.75,5.13,9,9.605,27.911
779,394,3,0.75,5.13,9,9.605,27.911
779,732,6,0.75,5.13,9,9.605,27.911
779,730,9,0.75,5.13,9,9.605,27.911
779,29,2,0.75,5.13,9,9.605,27.911
779,440,4,0.75,5.13,9,9.605,27.911
781,535,6,0.4,5.13,9,9.609,27.946
781,153,6,0.4,5.13,9,9.609,27.946
781,20,3,0.4,5.13,9,9.609,27.946
781,744,9,0.4,5.13,9,9.609,27.946
781,441,4,0.4,5.13,9,9.609,27.946
781,565,4,0.4,5.13,9,9.609,27.946
781,413,4,0.4,5.13,9,9.609,27.946
781,554,5,0.4,5.13,9,9.609,27.946
783,394,3,0.15,3.00,3,9.613,27.982
783,167,3,0.15,3.00,3,9.613,27.982
783,13,3,0.15,3.00,3,9.613,27.982
785,232,6,0.3,5.17,8,9.617,28.018
785,306,6,0.3,5.17,8,9.617,28.018
785,589,2,0.3,5.17,8,9.617,28.018
785,132,3,0.3,5.17,8,9.617,28.018
785,604,6,0.3,5.17,8,9.617,28.018
785,107,8,0.3,5.17,8,9.617,28.018
787,412,8,1,8.40,13,9.620,28.054
787,64,7,1,8.40,13,9.620,28.054
787,311,8,1,8.40,13,9.620,28.054
787,702,10,1,8.40,13,9.620,28.054
787,355,7,1,8.40,13,9.620,28.054
787,159,5,1,8.40,13,9.620,28.054
787,362,10,1,8.40,13,9.620,28.054
787,456,6,1,8.40,13,9.620,28.054
787,202,6,1,8.40,13,9.620,28.054
787,691,8,1,8.40,13,9.620,28.054
787,438,7,1,8.40,13,9.620,28.054
787,561,11,1,8.40,13,9.620,28.054
787,147,10,1,8.40,13,9.620,28.054
787,408,8,1,8.40,13,9.620,28.054
787,82,5,1,8.40,13,9.620,28.054
787,618,9,1,8.40,13,9.620,28.054
787,370,11,1,8.40,13,9.620,28.054
787,770,13,1,8.40,13,9.620,28.054
787,417,6,1,8.40,13,9.620,28.054
787,761,13,1,8.40,13,9.620,28.054
788,263,1,0.05,1.00,1,9.622,28.071
789,83,5,0.2,3.75,5,9.624,28.089
789,82,4,0.2,3.75,5,9.624,28.089
789,164,4,0.2,3.75,5,9.624,28.089
789,217,2,0.2,3.75,5,9.624,28.089
790,113,1,0.05,1.00,1,9.626,28.107
791,3,1,0.5,4.50,8,9.628,28.125
791,345,6,0.5,4.50,8,9.628,28.125
791,528,3,0.5,4.50,8,9.628,28.125
791,143,4,0.5,4.50,8,9.628,28.125
791,401,2,0.5,4.50,8,9.628,28.125
791,367,7,0.5,4.50,8,9.628,28.125
791,601,5,0.5,4.50,8,9.628,28.125
791,155,6,0.5,4.50,8,9.628,28.125
791,722,8,0.5,4.50,8,9.628,28.125
791,447,3,0.5,4.50,8,9.628,28.125
793,438,6,0.85,8.29,12,9.631,28.160
793,614,8,0.85,8.29,12,9.631,28.160
793,255,9,0.85,8.29,12,9.631,28.160
793,99,7,0.85,8.29,12,9.631,28.160
793,717,12,0.85,8.29,12,9.631,28.160
793,188,7,0.85,8.29,12,9.631,28.160
793,644,8,0.85,8.29,12,9.631,28.160
793,526,12,0.85,8.29,12,9.631,28.160
793,705,8,0.85,8.29,12,9.631,28.160
793,461,10,0.85,8.29,12,9.631,28.160
793,475,6,0.85,8.29,12,9.631,28.160
793,289,5,0.85,8.29,12,9.631,28.160
793,784,12,0.85,8.29,12,9.631,28.160
793,204,8,0.85,8.29,12,9.631,28.160
793,139,7,0.85,8.29,12,9.631,28.160
793,654,9,0.85,8.29,12,9.631,28.160
793,505,7,0.85,8.29,12,9.631,28.160
795,2,1,0.05,1.00,1,9.635,28.196
797,697,9,1,7.20,13,9.638,28.231
797,608,6,1,7.20,13,9.638,28.231
797,25,2,1,7.20,13,9.638,28.231
797,717,7,1,7.20,13,9.638,28.231
797,572,9,1,7.20,13,9.638,28.231
797,313,9,1,7.20,13,9.638,28.231
797,504,4,1,7.20,13,9.638,28.231
797,99,8,1,7.20,13,9.638,28.231
797,676,11,1,7.20,13,9.638,28.231
797,464,6,1,7.20,13,9.638,28.231
797,117,4,1,7.20,13,9.638,28.231
797,511,8,1,7.20,13,9.638,28.231
797,98,5,1,7.20,13,9.638,28.231
797,479,4,1,7.20,13,9.638,28.231
797,657,12,1,7.20,13,9.638,28.231
797,344,5,1,7.20,13,9.638,28.231
797,695,13,1,7.20,13,9.638,28.231
797,664,13,1,7.20,13,9.638,28.231
797,356,4,1,7.20,13,9.638,28.231
797,287,5,1,7.20,13,9.638,28.231
799,178,3,0.85,5.35,9,9.642,28.267
799,179,9,0.85,5.35,9,9.642,28.267
799,625,4,0.85,5.35,9,9.642,28.267
799,627,5,0.85,5.35,9,9.642,28.267
799,299,7,0.85,5.35,9,9.642,28.267
799,471,6,0.85,5.35,9,9.642,28.267
799,35,3,0.85,5.35,9,9.642,28.267
799,163,2,0.85,5.35,9,9.642,28.267
799,480,4,0.85,5.35,9,9.642,28.267
799,567,4,0.85,5.35,9,9.642,28.267
799,336,6,0.85,5.35,9,9.642,28.267
799,206,2,0.85,5.35,9,9.642,28.267
799,440,4,0.85,5.35,9,9.642,28.267
799,660,9,0.85,5.35,9,9.642,28.267
799,491,7,0.85,5.35,9,9.642,28.267
799,379,9,0.85,5.35,9,9.642,28.267
799,371,7,0.85,5.35,9,9.642,28.267
800,127,2,0.05,2.00,2,9.644,28.284
801,116,3,0.2,4.50,6,9.646,28.302
801,526,5,0.2,4.50,6,9.646,28.302
801,163,4,0.2,4.50,6,9.646,28.302
801,532,6,0.2,4.50,6,9.646,28.302
803,313,4,0.8,6.50,13,9.649,28.337
803,392,5,0.8,6.50,13,9.649,28.337
803,634,10,0.8,6.50,13,9.649,28.337
803,789,13,0.8,6.50,13,9.649,28.337
803,679,6,0.8,6.50,13,9.649,28.337
803,52,5,0.8,6.50,13,9.649,28.337
803,690,11,0.8,6.50,13,9.649,28.337
803,633,7,0.8,6.50,13,9.649,28.337
803,758,8,0.8,6.50,13,9.649,28.337
803,240,5,0.8,6.50,13,9.649,28.337
803,644,8,0.8,6.50,13,9.649,28.337
803,90,3,0.8,6.50,13,9.649,28.337
803,102,3,0.8,6.50,13,9.649,28.337
803,29,4,0.8,6.50,13,9.649,28.337
803,96,5,0.8,6.50,13,9.649,28.337
803,334,7,0.8,6.50,13,9.649,28.337
805,403,1,0.15,2.67,4,9.653,28.373
805,671,4,0.15,2.67,4,9.653,28.373
805,8,3,0.15,2.67,4,9.653,28.373
807,662,4,0.05,4.00,4,9.656,28.408
809,198,7,1,6.35,12,9.660,28.443
809,439,6,1,6.35,12,9.660,28.443
809,346,6,1,6.35,12,9.660,28.443
809,273,2,1,6.35,12,9.660,28.443
809,324,3,1,6.35,12,9.660,28.443
809,294,8,1,6.35,12,9.660,28.443
809,326,7,1,6.35,12,9.660,28.443
809,348,8,1,6.35,12,9.660,28.443
809,732,12,1,6.35,12,9.660,28.443
809,87,3,1,6.35,12,9.660,28.443
809,561,7,1,6.35,12,9.660,28.443
809,806,11,1,6.35,12,9.660,28.443
809,425,4,1,6.35,12,9.660,28.443
809,376,8,1,6.35,12,9.660,28.443
809,396,9,1,6.35,12,9.660,28.443
809,638,8,1,6.35,12,9.660,28.443
809,371,4,1,6.35,12,9.660,28.443
809,516,5,1,6.35,12,9.660,28.443
809,48,3,1,6.35,12,9.660,28.443
809,252,6,1,6.35,12,9.660,28.443
811,799,10,1,7.40,12,9.664,28.478
811,712,7,1,7.40,12,9.664,28.478
811,245,5,1,7.40,12,9.664,28.478
811,234,7,1,7.40,12,9.664,28.478
811,202,9,1,7.40,12,9.664,28.478
811,720,8,1,7.40,12,9.664,28.478
811,299,6,1,7.40,12,9.664,28.478
811,442,6,1,7.40,12,9.664,28.478
811,82,5,1,7.40,12,9.664,28.478
811,775,10,1,7.40,12,9.664,28.478
811,325,6,1,7.40,12,9.664,28.478
811,187,6,1,7.40,12,9.664,28.478
811,235,6,1,7.40,12,9.664,28.478
811,466,6,1,7.40,12,9.664,28.478
811,683,8,1,7.40,12,9.664,28.478
811,697,9,1,7.40,12,9.664,28.478
811,632,6,1,7.40,12,9.664,28.478
811,660,6,1,7.40,12,9.664,28.478
811,802,12,1,7.40,12,9.664,28.478
811,592,10,1,7.40,12,9.664,28.478
813,671,5,0.05,5.00,5,9.667,28.513
815,547,5,0.25,6.80,10,9.671,28.548
815,469,5,0.25,6.80,10,9.671,28.548
815,716,6,0.25,6.80,10,9.671,28.548
815,793,10,0.25,6.80,10,9.671,28.548
815,778,8,0.25,6.80,10,9.671,28.548
817,814,14,0.95,7.89,14,9.674,28.583
817,347,8,0.95,7.89,14,9.674,28.583
817,811,13,0.95,7.89,14,9.674,28.583
817,471,8,0.95,7.89,14,9.674,28.583
817,341,4,0.95,7.89,14,9.674,28.583
817,793,11,0.95,7.89,14,9.674,28.583
817,369,7,0.95,7.89,14,9.674,28.583
817,206,3,0.95,7.89,14,9.674,28.583
817,210,6,0.95,7.89,14,9.674,28.583
817,643,9,0.95,7.89,14,9.674,28.583
817,759,11,0.95,7.89,14,9.674,28.583
817,89,5,0.95,7.89,14,9.674,28.583
817,20,3,0.95,7.89,14,9.674,28.583
817,527,7,0.95,7.89,14,9.674,28.583
817,683,8,0.95,7.89,14,9.674,28.583
817,482,9,0.95,7.89,14,9.674,28.583
817,735,12,0.95,7.89,14,9.674,28.583
817,96,9,0.95,7.89,14,9.674,28.583
817,20,3,0.95,7.89,14,9.674,28.583
818,165,2,0.05,2.00,2,9.676,28.601
819,103,2,0.05,2.00,2,9.678,28.618
821,625,8,1,7.10,12,9.681,28.653
821,316,8,1,7.10,12,9.681,28.653
821,405,12,1,7.10,12,9.681,28.653
821,316,8,1,7.10,12,9.681,28.653
821,531,9,1,7.10,12,9.681,28.653
821,779,9,1,7.10,12,9.681,28.653
821,168,5,1,7.10,12,9.681,28.653
821,650,3,1,7.10,12,9.681,28.653
821,550,6,1,7.10,12,9.681,28.653
821,486,9,1,7.10,12,9.681,28.653
821,667,12,1,7.10,12,9.681,28.653
821,442,6,1,7.10,12,9.681,28.653
821,505,7,1,7.10,12,9.681,28.653
821,242,6,1,7.10,12,9.681,28.653
821,697,6,1,7.10,12,9.681,28.653
821,473,11,1,7.10,12,9.681,28.653
821,55,3,1,7.10,12,9.681,28.653
821,20,5,1,7.10,12,9.681,28.653
821,28,5,1,7.10,12,9.681,28.653
821,427,4,1,7.10,12,9.681,28.653
823,113,8,1,7.10,12,9.685,28.688
823,477,6,1,7.10,12,9.685,28.688
823,571,10,1,7.10,12,9.685,28.688
823,371,6,1,7.10,12,9.685,28.688
823,347,7,1,7.10,12,9.685,28.688
823,696,8,1,7.10,12,9.685,28.688
823,12,3,1,7.10,12,9.685,28.688
823,659,6,1,7.10,12,9.685,28.688
823,646,9,1,7.10,12,9.685,28.688
823,695,9,1,7.10,12,9.685,28.688
823,797,12,1,7.10,12,9.685,28.688
823,357,8,1,7.10,12,9.685,28.688
823,244,7,1,7.10,12,9.685,28.688
823,46,3,1,7.10,12,9.685,28.688
823,638,6,1,7.10,12,9.685,28.688
823,410,9,1,7.10,12,9.685,28.688
823,499,6,1,7.10,12,9.685,28.688
823,775,6,1,7.10,12,9.685,28.688
823,748,7,1,7.10,12,9.685,28.688
823,317,6,1,7.10,12,9.685,28.688
827,413,8,1,6.45,11,9.692,28.758
827,126,7,1,6.45,11,9.692,28.758
827,204,3,1,6.45,11,9.692,28.758
827,55,6,1,6.45,11,9.692,28.758
827,524,7,1,6.45,11,9.692,28.758
827,784,7,1,6.45,11,9.692,28.758
827,356,6,1,6.45,11,9.692,28.758
827,639,6,1,6.45,11,9.692,28.758
827,755,11,1,6.45,11,9.692,28.758
827,235,7,1,6.45,11,9.692,28.758
827,577,5,1,6.45,11,9.692,28.758
827,407,11,1,6.45,11,9.692,28.758
827,548,5,1,6.45,11,9.692,28.758
827,174,6,1,6.45,11,9.692,28.758
827,676,5,1,6.45,11,9.692,28.758
827,43,5,1,6.45,11,9.692,28.758
827,586,5,1,6.45,11,9.692,28.758
827,515,9,1,6.45,11,9.692,28.758
827,718,7,1,6.45,11,9.692,28.758
827,8,3,1,6.45,11,9.692,28.758
829,214,5,1,8.35,14,9.695,28.792
829,10,1,1,8.35,14,9.695,28.792
829,738,11,1,8.35,14,9.695,28.792
829,640,8,1,8.35,14,9.695,28.792
829,68,8,1,8.35,14,9.695,28.792
829,224,8,1,8.35,14,9.695,28.792
829,569,9,1,8.35,14,9.695,28.792
829,234,6,1,8.35,14,9.695,28.792
829,687,8,1,8.35,14,9.695,28.792
829,614,14,1,8.35,14,9.695,28.792
829,383,10,1,8.35,14,9.695,28.792
829,448,8,1,8.35,14,9.695,28.792
829,351,9,1,8.35,14,9.695,28.792
829,444,8,1,8.35,14,9.695,28.792
829,359,8,1,8.35,14,9.695,28.792
829,600,9,1,8.35,14,9.695,28.792
829,438,6,1,8.35,14,9.695,28.792
829,355,14,1,8.35,14,9.695,28.792
829,298,5,1,8.35,14,9.695,28.792
829,690,12,1,8.35,14,9.695,28.792
831,211,2,0.2,4.00,7,9.699,28.827
831,503,5,0.2,4.00,7,9.699,28.827
831,119,2,0.2,4.00,7,9.699,28.827
831,650,7,0.2,4.00,7,9.699,28.827
832,17,1,0.05,1.00,1,9.700,28.844
833,209,2,0.1,2.50,3,9.702,28.862
833,521,3,0.1,2.50,3,9.702,28.862
835,696,4,0.2,5.25,10,9.706,28.896
835,618,10,0.2,5.25,10,9.706,28.896
835,147,3,0.2,5.25,10,9.706,28.896
835,699,4,0.2,5.25,10,9.706,28.896
837,2,1,0.05,1.00,1,9.709,28.931
839,135,4,1,5.60,12,9.713,28.965
839,4,1,1,5.60,12,9.713,28.965
839,744,5,1,5.60,12,9.713,28.965
839,248,4,1,5.60,12,9.713,28.965
839,207,4,1,5.60,12,9.713,28.965
839,703,5,1,5.60,12,9.713,28.965
839,387,6,1,5.60,12,9.713,28.965
839,91,4,1,5.60,12,9.713,28.965
839,829,12,1,5.60,12,9.713,28.965
839,484,7,1,5.60,12,9.713,28.965
839,352,4,1,5.60,12,9.713,28.965
839,619,6,1,5.60,12,9.713,28.965
839,553,5,1,5.60,12,9.713,28.965
839,198,7,1,5.60,12,9.713,28.965
839,613,7,1,5.60,12,9.713,28.965
839,457,4,1,5.60,12,9.713,28.965
839,798,9,1,5.60,12,9.713,28.965
839,467,5,1,5.60,12,9.713,28.965
839,197,4,1,5.60,12,9.713,28.965
839,643,9,1,5.60,12,9.713,28.965
841,219,8,1,9.50,15,9.716,29.000
841,729,13,1,9.50,15,9.716,29.000
841,575,9,1,9.50,15,9.716,29.000
841,250,12,1,9.50,15,9.716,29.000
841,11,6,1,9.50,15,9.716,29.000
841,692,14,1,9.50,15,9.716,29.000
841,48,8,1,9.50,15,9.716,29.000
841,65,4,1,9.50,15,9.716,29.000
841,293,9,1,9.50,15,9.716,29.000
841,442,8,1,9.50,15,9.716,29.000
841,655,11,1,9.50,15,9.716,29.000
841,144,8,1,9.50,15,9.716,29.000
841,514,7,1,9.50,15,9.716,29.000
841,732,6,1,9.50,15,9.716,29.000
841,370,10,1,9.50,15,9.716,29.000
841,417,14,1,9.50,15,9.716,29.000
841,800,15,1,9.50,15,9.716,29.000
841,432,8,1,9.50,15,9.716,29.000
841,101,9,1,9.50,15,9.716,29.000
841,393,11,1,9.50,15,9.716,29.000
843,245,6,0.3,4.50,7,9.719,29.034
843,428,3,0.3,4.50,7,9.719,29.034
843,196,6,0.3,4.50,7,9.719,29.034
843,212,3,0.3,4.50,7,9.719,29.034
843,169,2,0.3,4.50,7,9.719,29.034
843,646,7,0.3,4.50,7,9.719,29.034
845,402,6,0.35,4.57,6,9.723,29.069
845,408,6,0.35,4.57,6,9.723,29.069
845,356,3,0.35,4.57,6,9.723,29.069
845,649,4,0.35,4.57,6,9.723,29.069
845,779,6,0.35,4.57,6,9.723,29.069
845,138,3,0.35,4.57,6,9.723,29.069
845,298,4,0.35,4.57,6,9.723,29.069
847,221,3,0.35,5.43,13,9.726,29.103
847,179,5,0.35,5.43,13,9.726,29.103
847,635,13,0.35,5.43,13,9.726,29.103
847,170,3,0.35,5.43,13,9.726,29.103
847,366,5,0.35,5.43,13,9.726,29.103
847,438,4,0.35,5.43,13,9.726,29.103
847,460,5,0.35,5.43,13,9.726,29.103
849,457,4,0.05,4.00,4,9.730,29.138
851,313,5,0.9,6.83,14,9.733,29.172
851,707,7,0.9,6.83,14,9.733,29.172
851,628,14,0.9,6.83,14,9.733,29.172
851,522,5,0.9,6.83,14,9.733,29.172
851,763,10,0.9,6.83,14,9.733,29.172
851,755,10,0.9,6.83,14,9.733,29.172
851,719,10,0.9,6.83,14,9.733,29.172
851,39,3,0.9,6.83,14,9.733,29.172
851,735,9,0.9,6.83,14,9.733,29.172
851,48,4,0.9,6.83,14,9.733,29.172
851,678,7,0.9,6.83,14,9.733,29.172
851,432,4,0.9,6.83,14,9.733,29.172
851,328,6,0.9,6.83,14,9.733,29.172
851,387,7,0.9,6.83,14,9.733,29.172
851,61,2,0.9,6.83,14,9.733,29.172
851,751,8,0.9,6.83,14,9.733,29.172
851,568,3,0.9,6.83,14,9.733,29.172
851,725,9,0.9,6.83,14,9.733,29.172
853,525,7,1,7.25,11,9.736,29.206
853,533,7,1,7.25,11,9.736,29.206
853,758,9,1,7.25,11,9.736,29.206
853,39,3,1,7.25,11,9.736,29.206
853,274,9,1,7.25,11,9.736,29.206
853,581,7,1,7.25,11,9.736,29.206
853,414,9,1,7.25,11,9.736,29.206
853,536,7,1,7.25,11,9.736,29.206
853,673,6,1,7.25,11,9.736,29.206
853,732,9,1,7.25,11,9.736,29.206
853,361,7,1,7.25,11,9.736,29.206
853,706,7,1,7.25,11,9.736,29.206
853,602,7,1,7.25,11,9.736,29.206
853,615,8,1,7.25,11,9.736,29.206
853,304,6,1,7.25,11,9.736,29.206
853,167,6,1,7.25,11,9.736,29.206
853,842,11,1,7.25,11,9.736,29.206
853,270,7,1,7.25,11,9.736,29.206
853,645,6,1,7.25,11,9.736,29.206
853,677,7,1,7.25,11,9.736,29.206
857,129,5,1,6.25,11,9.743,29.275
857,204,6,1,6.25,11,9.743,29.275
857,322,4,1,6.25,11,9.743,29.275
857,841,8,1,6.25,11,9.743,29.275
857,307,3,1,6.25,11,9.743,29.275
857,223,6,1,6.25,11,9.743,29.275
857,832,11,1,6.25,11,9.743,29.275
857,460,7,1,6.25,11,9.743,29.275
857,768,5,1,6.25,11,9.743,29.275
857,529,5,1,6.25,11,9.743,29.275
857,841,8,1,6.25,11,9.743,29.275
857,106,6,1,6.25,11,9.743,29.275
857,740,9,1,6.25,11,9.743,29.275
857,63,6,1,6.25,11,9.743,29.275
857,218,3,1,6.25,11,9.743,29.275
857,663,8,1,6.25,11,9.743,29.275
857,385,5,1,6.25,11,9.743,29.275
857,731,8,1,6.25,11,9.743,29.275
857,175,5,1,6.25,11,9.743,29.275
857,508,7,1,6.25,11,9.743,29.275
859,262,3,1,6.50,11,9.747,29.309
859,632,11,1,6.50,11,9.747,29.309
859,296,4,1,6.50,11,9.747,29.309
859,638,11,1,6.50,11,9.747,29.309
859,622,6,1,6.50,11,9.747,29.309
859,142,3,1,6.50,11,9.747,29.309
859,740,6,1,6.50,11,9.747,29.309
859,2,1,1,6.50,11,9.747,29.309
859,82,2,1,6.50,11,9.747,29.309
859,540,5,1,6.50,11,9.747,29.309
859,536,9,1,6.50,11,9.747,29.309
859,340,9,1,6.50,11,9.747,29.309
859,720,6,1,6.50,11,9.747,29.309
859,701,8,1,6.50,11,9.747,29.309
859,386,6,1,6.50,11,9.747,29.309
859,750,10,1,6.50,11,9.747,29.309
859,622,6,1,6.50,11,9.747,29.309
859,265,6,1,6.50,11,9.747,29.309
859,557,10,1,6.50,11,9.747,29.309
859,732,8,1,6.50,11,9.747,29.309
863,532,5,1,6.50,10,9.753,29.377
863,521,3,1,6.50,10,9.753,29.377
863,331,7,1,6.50,10,9.753,29.377
863,149,4,1,6.50,10,9.753,29.377
863,748,6,1,6.50,10,9.753,29.377
863,790,9,1,6.50,10,9.753,29.377
863,685,7,1,6.50,10,9.753,29.377
863,511,8,1,6.50,10,9.753,29.377
863,383,9,1,6.50,10,9.753,29.377
863,452,8,1,6.50,10,9.753,29.377
863,817,10,1,6.50,10,9.753,29.377
863,837,8,1,6.50,10,9.753,29.377
863,297,4,1,6.50,10,9.753,29.377
863,554,6,1,6.50,10,9.753,29.377
863,435,4,1,6.50,10,9.753,29.377
863,161,7,1,6.50,10,9.753,29.377
863,68,5,1,6.50,10,9.753,29.377
863,59,4,1,6.50,10,9.753,29.377
863,244,9,1,6.50,10,9.753,29.377
863,159,7,1,6.50,10,9.753,29.377
865,99,8,0.6,8.25,12,9.757,29.411
865,141,9,0.6,8.25,12,9.757,29.411
865,583,8,0.6,8.25,12,9.757,29.411
865,496,9,0.6,8.25,12,9.757,29.411
865,767,11,0.6,8.25,12,9.757,29.411
865,27,8,0.6,8.25,12,9.757,29.411
865,374,9,0.6,8.25,12,9.757,29.411
865,802,8,0.6,8.25,12,9.757,29.411
865,568,7,0.6,8.25,12,9.757,29.411
865,431,12,0.6,8.25,12,9.757,29.411
865,772,8,0.6,8.25,12,9.757,29.411
865,289,2,0.6,8.25,12,9.757,29.411
867,178,3,0.1,2.00,3,9.760,29.445
867,2,1,0.1,2.00,3,9.760,29.445
869,500,6,0.9,4.89,12,9.763,29.479
869,124,7,0.9,4.89,12,9.763,29.479
869,406,6,0.9,4.89,12,9.763,29.479
869,334,6,0.9,4.89,12,9.763,29.479
869,449,2,0.9,4.89,12,9.763,29.479
869,446,3,0.9,4.89,12,9.763,29.479
869,442,2,0.9,4.89,12,9.763,29.479
869,307,3,0.9,4.89,12,9.763,29.479
869,502,6,0.9,4.89,12,9.763,29.479
869,51,4,0.9,4.89,12,9.763,29.479
869,766,6,0.9,4.89,12,9.763,29.479
869,816,7,0.9,4.89,12,9.763,29.479
869,173,3,0.9,4.89,12,9.763,29.479
869,456,4,0.9,4.89,12,9.763,29.479
869,37,3,0.9,4.89,12,9.763,29.479
869,853,12,0.9,4.89,12,9.763,29.479
869,417,5,0.9,4.89,12,9.763,29.479
869,98,3,0.9,4.89,12,9.763,29.479
871,721,9,0.75,6.60,11,9.767,29.513
871,116,7,0.75,6.60,11,9.767,29.513
871,384,11,0.75,6.60,11,9.767,29.513
871,124,4,0.75,6.60,11,9.767,29.513
871,717,7,0.75,6.60,11,9.767,29.513
871,381,9,0.75,6.60,11,9.767,29.513
871,561,8,0.75,6.60,11,9.767,29.513
871,243,5,0.75,6.60,11,9.767,29.513
871,253,9,0.75,6.60,11,9.767,29.513
871,711,9,0.75,6.60,11,9.767,29.513
871,245,2,0.75,6.60,11,9.767,29.513
871,231,7,0.75,6.60,11,9.767,29.513
871,44,3,0.75,6.60,11,9.767,29.513
871,228,6,0.75,6.60,11,9.767,29.513
871,40,3,0.75,6.60,11,9.767,29.513
872,35,2,0.05,2.00,2,9.768,29.530
873,64,2,0.25,5.20,11,9.770,29.547
873,550,4,0.25,5.20,11,9.770,29.547
873,113,6,0.25,5.20,11,9.770,29.547
873,847,11,0.25,5.20,11,9.770,29.547
873,440,3,0.25,5.20,11,9.770,29.547
874,125,1,0.05,1.00,1,9.771,29.563
875,318,3,0.1,3.50,4,9.773,29.580
875,793,4,0.1,3.50,4,9.773,29.580
877,624,12,1,8.30,14,9.776,29.614
877,531,9,1,8.30,14,9.776,29.614
877,644,9,1,8.30,14,9.776,29.614
877,312,5,1,8.30,14,9.776,29.614
877,461,6,1,8.30,14,9.776,29.614
877,373,8,1,8.30,14,9.776,29.614
877,223,5,1,8.30,14,9.776,29.614
877,440,3,1,8.30,14,9.776,29.614
877,645,9,1,8.30,14,9.776,29.614
877,645,9,1,8.30,14,9.776,29.614
877,825,9,1,8.30,14,9.776,29.614
877,813,11,1,8.30,14,9.776,29.614
877,525,9,1,8.30,14,9.776,29.614
877,14,4,1,8.30,14,9.776,29.614
877,173,8,1,8.30,14,9.776,29.614
877,744,12,1,8.30,14,9.776,29.614
877,431,13,1,8.30,14,9.776,29.614
877,43,6,1,8.30,14,9.776,29.614
877,482,5,1,8.30,14,9.776,29.614
877,803,14,1,8.30,14,9.776,29.614
879,64,3,0.15,2.67,3,9.780,29.648
879,128,3,0.15,2.67,3,9.780,29.648
879,68,2,0.15,2.67,3,9.780,29.648
881,591,4,1,5.60,10,9.783,29.682
881,852,10,1,5.60,10,9.783,29.682
881,433,6,1,5.60,10,9.783,29.682
881,825,9,1,5.60,10,9.783,29.682
881,172,6,1,5.60,10,9.783,29.682
881,665,4,1,5.60,10,9.783,29.682
881,392,4,1,5.60,10,9.783,29.682
881,57,3,1,5.60,10,9.783,29.682
881,552,5,1,5.60,10,9.783,29.682
881,310,2,1,5.60,10,9.783,29.682
881,692,6,1,5.60,10,9.783,29.682
881,784,8,1,5.60,10,9.783,29.682
881,6,1,1,5.60,10,9.783,29.682
881,585,10,1,5.60,10,9.783,29.682
881,331,5,1,5.60,10,9.783,29.682
881,500,4,1,5.60,10,9.783,29.682
881,556,5,1,5.60,10,9.783,29.682
881,417,6,1,5.60,10,9.783,29.682
881,391,8,1,5.60,10,9.783,29.682
881,506,6,1,5.60,10,9.783,29.682
883,237,6,1,6.30,11,9.786,29.715
883,717,6,1,6.30,11,9.786,29.715
883,594,4,1,6.30,11,9.786,29.715
883,529,7,1,6.30,11,9.786,29.715
883,655,6,1,6.30,11,9.786,29.715
883,101,2,1,6.30,11,9.786,29.715
883,383,10,1,6.30,11,9.786,29.715
883,57,4,1,6.30,11,9.786,29.715
883,318,6,1,6.30,11,9.786,29.715
883,11,4,1,6.30,11,9.786,29.715
883,831,10,1,6.30,11,9.786,29.715
883,809,10,1,6.30,11,9.786,29.715
883,801,6,1,6.30,11,9.786,29.715
883,179,4,1,6.30,11,9.786,29.715
883,857,11,1,6.30,11,9.786,29.715
883,398,4,1,6.30,11,9.786,29.715
883,167,5,1,6.30,11,9.786,29.715
883,820,10,1,6.30,11,9.786,29.715
883,634,8,1,6.30,11,9.786,29.715
883,311,3,1,6.30,11,9.786,29.715
884,31,2,0.05,2.00,2,9.788,29.732
887,158,5,1,6.30,13,9.793,29.783
887,233,5,1,6.30,13,9.793,29.783
887,569,6,1,6.30,13,9.793,29.783
887,703,5,1,6.30,13,9.793,29.783
887,264,4,1,6.30,13,9.793,29.783
887,591,11,1,6.30,13,9.793,29.783
887,498,7,1,6.30,13,9.793,29.783
887,155,5,1,6.30,13,9.793,29.783
887,409,5,1,6.30,13,9.793,29.783
887,346,4,1,6.30,13,9.793,29.783
887,657,13,1,6.30,13,9.793,29.783
887,288,6,1,6.30,13,9.793,29.783
887,682,6,1,6.30,13,9.793,29.783
887,842,8,1,6.30,13,9.793,29.783
887,566,7,1,6.30,13,9.793,29.783
887,39,3,1,6.30,13,9.793,29.783
887,553,6,1,6.30,13,9.793,29.783
887,537,7,1,6.30,13,9.793,29.783
887,514,6,1,6.30,13,9.793,29.783
887,324,7,1,6.30,13,9.793,29.783
889,85,4,0.5,6.80,11,9.796,29.816
889,669,4,0.5,6.80,11,9.796,29.816
889,474,6,0.5,6.80,11,9.796,29.816
889,648,9,0.5,6.80,11,9.796,29.816
889,169,8,0.5,6.80,11,9.796,29.816
889,739,7,0.5,6.80,11,9.796,29.816
889,799,11,0.5,6.80,11,9.796,29.816
889,430,7,0.5,6.80,11,9.796,29.816
889,543,7,0.5,6.80,11,9.796,29.816
889,678,5,0.5,6.80,11,9.796,29.816
891,32,3,0.2,5.50,9,9.799,29.850
891,272,9,0.2,5.50,9,9.799,29.850
891,184,5,0.2,5.50,9,9.799,29.850
891,230,5,0.2,5.50,9,9.799,29.850
893,835,13,1,6.75,13,9.803,29.883
893,428,7,1,6.75,13,9.803,29.883
893,762,10,1,6.75,13,9.803,29.883
893,98,4,1,6.75,13,9.803,29.883
893,447,1,1,6.75,13,9.803,29.883
893,790,6,1,6.75,13,9.803,29.883
893,388,7,1,6.75,13,9.803,29.883
893,736,9,1,6.75,13,9.803,29.883
893,567,6,1,6.75,13,9.803,29.883
893,349,4,1,6.75,13,9.803,29.883
893,688,5,1,6.75,13,9.803,29.883
893,839,6,1,6.75,13,9.803,29.883
893,885,13,1,6.75,13,9.803,29.883
893,533,8,1,6.75,13,9.803,29.883
893,374,5,1,6.75,13,9.803,29.883
893,507,5,1,6.75,13,9.803,29.883
893,3,1,1,6.75,13,9.803,29.883
893,829,10,1,6.75,13,9.803,29.883
893,733,9,1,6.75,13,9.803,29.883
893,336,6,1,6.75,13,9.803,29.883
894,185,3,0.05,3.00,3,9.804,29.900
895,714,6,0.25,5.00,9,9.806,29.917
895,42,3,0.25,5.00,9,9.806,29.917
895,857,9,0.25,5.00,9,9.806,29.917
895,262,4,0.25,5.00,9,9.806,29.917
895,138,3,0.25,5.00,9,9.806,29.917
898,143,3,0.05,3.00,3,9.811,29.967
899,665,7,0.9,6.06,12,9.812,29.983
899,690,6,0.9,6.06,12,9.812,29.983
899,439,10,0.9,6.06,12,9.812,29.983
899,412,6,0.9,6.06,12,9.812,29.983
899,309,3,0.9,6.06,12,9.812,29.983
899,270,3,0.9,6.06,12,9.812,29.983
899,313,4,0.9,6.06,12,9.812,29.983
899,414,5,0.9,6.06,12,9.812,29.983
899,264,4,0.9,6.06,12,9.812,29.983
899,115,3,0.9,6.06,12,9.812,29.983
899,229,3,0.9,6.06,12,9.812,29.983
899,781,12,0.9,6.06,12,9.812,29.983
899,821,8,0.9,6.06,12,9.812,29.983
899,370,7,0.9,6.06,12,9.812,29.983
899,810,5,0.9,6.06,12,9.812,29.983
899,717,9,0.9,6.06,12,9.812,29.983
899,423,8,0.9,6.06,12,9.812,29.983
899,655,6,0.9,6.06,12,9.812,29.983
901,554,6,0.85,7.88,17,9.815,30.017
901,526,6,0.85,7.88,17,9.815,30.017
901,823,9,0.85,7.88,17,9.815,30.017
901,645,8,0.85,7.88,17,9.815,30.017
901,545,6,0.85,7.88,17,9.815,30.017
901,674,10,0.85,7.88,17,9.815,30.017
901,893,13,0.85,7.88,17,9.815,30.017
901,834,11,0.85,7.88,17,9.815,30.017
901,438,6,0.85,7.88,17,9.815,30.017
901,891,17,0.85,7.88,17,9.815,30.017
901,260,8,0.85,7.88,17,9.815,30.017
901,66,4,0.85,7.88,17,9.815,30.017
901,473,6,0.85,7.88,17,9.815,30.017
901,257,5,0.85,7.88,17,9.815,30.017
901,503,6,0.85,7.88,17,9.815,30.017
901,815,8,0.85,7.88,17,9.815,30.017
901,514,5,0.85,7.88,17,9.815,30.017
902,105,2,0.1,2.00,2,9.817,30.033
902,101,2,0.1,2.00,2,9.817,30.033
904,193,5,0.1,5.00,5,9.820,30.067
904,225,5,0.1,5.00,5,9.820,30.067
907,113,7,1,8.65,15,9.825,30.116
907,860,9,1,8.65,15,9.825,30.116
907,892,11,1,8.65,15,9.825,30.116
907,870,9,1,8.65,15,9.825,30.116
907,455,3,1,8.65,15,9.825,30.116
907,387,12,1,8.65,15,9.825,30.116
907,118,8,1,8.65,15,9.825,30.116
907,523,9,1,8.65,15,9.825,30.116
907,99,6,1,8.65,15,9.825,30.116
907,890,9,1,8.65,15,9.825,30.116
907,441,11,1,8.65,15,9.825,30.116
907,185,7,1,8.65,15,9.825,30.116
907,884,12,1,8.65,15,9.825,30.116
907,255,8,1,8.65,15,9.825,30.116
907,66,7,1,8.65,15,9.825,30.116
907,389,7,1,8.65,15,9.825,30.116
907,373,8,1,8.65,15,9.825,30.116
907,13,3,1,8.65,15,9.825,30.116
907,572,12,1,8.65,15,9.825,30.116
907,875,15,1,8.65,15,9.825,30.116
909,227,6,0.25,3.40,6,9.828,30.150
909,565,5,0.25,3.40,6,9.828,30.150
909,241,3,0.25,3.40,6,9.828,30.150
909,182,1,0.25,3.40,6,9.828,30.150
909,118,2,0.25,3.40,6,9.828,30.150
911,868,11,1,6.60,15,9.831,30.183
911,526,3,1,6.60,15,9.831,30.183
911,666,9,1,6.60,15,9.831,30.183
911,180,4,1,6.60,15,9.831,30.183
911,751,9,1,6.60,15,9.831,30.183
911,246,3,1,6.60,15,9.831,30.183
911,908,15,1,6.60,15,9.831,30.183
911,141,2,1,6.60,15,9.831,30.183
911,188,5,1,6.60,15,9.831,30.183
911,306,3,1,6.60,15,9.831,30.183
911,598,5,1,6.60,15,9.831,30.183
911,759,11,1,6.60,15,9.831,30.183
911,504,6,1,6.60,15,9.831,30.183
911,76,1,1,6.60,15,9.831,30.183
911,781,6,1,6.60,15,9.831,30.183
911,515,7,1,6.60,15,9.831,30.183
911,447,9,1,6.60,15,9.831,30.183
911,671,8,1,6.60,15,9.831,30.183
911,851,10,1,6.60,15,9.831,30.183
911,613,5,1,6.60,15,9.831,30.183
912,73,4,0.05,4.00,4,9.833,30.199
913,750,7,0.75,7.80,15,9.834,30.216
913,692,5,0.75,7.80,15,9.834,30.216
913,426,11,0.75,7.80,15,9.834,30.216
913,799,3,0.75,7.80,15,9.834,30.216
913,909,15,0.75,7.80,15,9.834,30.216
913,685,2,0.75,7.80,15,9.834,30.216
913,78,6,0.75,7.80,15,9.834,30.216
913,580,7,0.75,7.80,15,9.834,30.216
913,380,10,0.75,7.80,15,9.834,30.216
913,541,12,0.75,7.80,15,9.834,30.216
913,845,13,0.75,7.80,15,9.834,30.216
913,41,5,0.75,7.80,15,9.834,30.216
913,82,7,0.75,7.80,15,9.834,30.216
913,146,9,0.75,7.80,15,9.834,30.216
913,356,5,0.75,7.80,15,9.834,30.216
915,461,3,0.05,3.00,3,9.838,30.249
917,804,5,0.35,4.29,8,9.841,30.282
917,87,3,0.35,4.29,8,9.841,30.282
917,886,8,0.35,4.29,8,9.841,30.282
917,569,5,0.35,4.29,8,9.841,30.282
917,731,5,0.35,4.29,8,9.841,30.282
917,85,2,0.35,4.29,8,9.841,30.282
917,236,2,0.35,4.29,8,9.841,30.282
919,525,11,1,6.70,13,9.844,30.315
919,202,7,1,6.70,13,9.844,30.315
919,624,5,1,6.70,13,9.844,30.315
919,671,13,1,6.70,13,9.844,30.315
919,313,2,1,6.70,13,9.844,30.315
919,133,3,1,6.70,13,9.844,30.315
919,144,9,1,6.70,13,9.844,30.315
919,576,4,1,6.70,13,9.844,30.315
919,621,6,1,6.70,13,9.844,30.315
919,607,12,1,6.70,13,9.844,30.315
919,282,11,1,6.70,13,9.844,30.315
919,239,4,1,6.70,13,9.844,30.315
919,394,5,1,6.70,13,9.844,30.315
919,506,4,1,6.70,13,9.844,30.315
919,138,4,1,6.70,13,9.844,30.315
919,72,5,1,6.70,13,9.844,30.315
919,474,4,1,6.70,13,9.844,30.315
919,580,8,1,6.70,13,9.844,30.315
919,512,7,1,6.70,13,9.844,30.315
919,803,10,1,6.70,13,9.844,30.315
923,200,2,0.9,5.06,13,9.850,30.381
923,145,7,0.9,5.06,13,9.850,30.381
923,697,6,0.9,5.06,13,9.850,30.381
923,210,4,0.9,5.06,13,9.850,30.381
923,894,13,0.9,5.06,13,9.850,30.381
923,391,3,0.9,5.06,13,9.850,30.381
923,485,4,0.9,5.06,13,9.850,30.381
923,761,8,0.9,5.06,13,9.850,30.381
923,489,3,0.9,5.06,13,9.850,30.381
923,555,3,0.9,5.06,13,9.850,30.381
923,107,4,0.9,5.06,13,9.850,30.381
923,815,5,0.9,5.06,13,9.850,30.381
923,438,4,0.9,5.06,13,9.850,30.381
923,97,4,0.9,5.06,13,9.850,30.381
923,707,4,0.9,5.06,13,9.850,30.381
923,306,9,0.9,5.06,13,9.850,30.381
923,272,5,0.9,5.06,13,9.850,30.381
923,508,3,0.9,5.06,13,9.850,30.381
925,33,4,0.1,5.50,7,9.853,30.414
925,306,7,0.1,5.50,7,9.853,30.414
926,371,3,0.2,3.50,5,9.855,30.430
926,17,2,0.2,3.50,5,9.855,30.430
926,73,4,0.2,3.50,5,9.855,30.430
926,333,5,0.2,3.50,5,9.855,30.430
927,152,3,0.1,2.00,3,9.856,30.447
927,232,1,0.1,2.00,3,9.856,30.447
929,532,4,1,6.75,18,9.860,30.480
929,443,4,1,6.75,18,9.860,30.480
929,696,18,1,6.75,18,9.860,30.480
929,199,6,1,6.75,18,9.860,30.480
929,362,5,1,6.75,18,9.860,30.480
929,54,4,1,6.75,18,9.860,30.480
929,489,3,1,6.75,18,9.860,30.480
929,622,4,1,6.75,18,9.860,30.480
929,342,7,1,6.75,18,9.860,30.480
929,542,2,1,6.75,18,9.860,30.480
929,389,7,1,6.75,18,9.860,30.480
929,339,5,1,6.75,18,9.860,30.480
929,807,10,1,6.75,18,9.860,30.480
929,267,6,1,6.75,18,9.860,30.480
929,156,3,1,6.75,18,9.860,30.480
929,332,5,1,6.75,18,9.860,30.480
929,207,6,1,6.75,18,9.860,30.480
929,927,18,1,6.75,18,9.860,30.480
929,250,12,1,6.75,18,9.860,30.480
929,407,6,1,6.75,18,9.860,30.480
931,495,5,0.6,6.17,10,9.863,30.512
931,598,7,0.6,6.17,10,9.863,30.512
931,435,6,0.6,6.17,10,9.863,30.512
931,604,7,0.6,6.17,10,9.863,30.512
931,625,5,0.6,6.17,10,9.863,30.512
931,428,10,0.6,6.17,10,9.863,30.512
931,158,3,0.6,6.17,10,9.863,30.512
931,713,6,0.6,6.17,10,9.863,30.512
931,649,9,0.6,6.17,10,9.863,30.512
931,529,4,0.6,6.17,10,9.863,30.512
931,435,6,0.6,6.17,10,9.863,30.512
931,802,6,0.6,6.17,10,9.863,30.512
932,209,4,0.1,4.50,5,9.864,30.529
932,357,5,0.1,4.50,5,9.864,30.529
933,826,8,0.1,6.00,8,9.866,30.545
933,68,4,0.1,6.00,8,9.866,30.545
934,451,5,0.05,5.00,5,9.867,30.561
935,932,11,0.45,4.89,11,9.869,30.578
935,621,5,0.45,4.89,11,9.869,30.578
935,783,6,0.45,4.89,11,9.869,30.578
935,118,2,0.45,4.89,11,9.869,30.578
935,84,4,0.45,4.89,11,9.869,30.578
935,184,4,0.45,4.89,11,9.869,30.578
935,602,4,0.45,4.89,11,9.869,30.578
935,84,4,0.45,4.89,11,9.869,30.578
935,359,4,0.45,4.89,11,9.869,30.578
937,137,5,1,7.80,16,9.872,30.610
937,907,12,1,7.80,16,9.872,30.610
937,16,2,1,7.80,16,9.872,30.610
937,102,4,1,7.80,16,9.872,30.610
937,264,5,1,7.80,16,9.872,30.610
937,853,8,1,7.80,16,9.872,30.610
937,501,9,1,7.80,16,9.872,30.610
937,318,5,1,7.80,16,9.872,30.610
937,580,12,1,7.80,16,9.872,30.610
937,829,9,1,7.80,16,9.872,30.610
937,657,7,1,7.80,16,9.872,30.610
937,436,7,1,7.80,16,9.872,30.610
937,288,7,1,7.80,16,9.872,30.610
937,493,6,1,7.80,16,9.872,30.610
937,440,7,1,7.80,16,9.872,30.610
937,554,8,1,7.80,16,9.872,30.610
937,871,16,1,7.80,16,9.872,30.610
937,179,6,1,7.80,16,9.872,30.610
937,889,12,1,7.80,16,9.872,30.610
937,669,9,1,7.80,16,9.872,30.610
939,26,3,0.05,3.00,3,9.875,30.643
941,849,11,1,7.90,13,9.878,30.676
941,845,8,1,7.90,13,9.878,30.676
941,200,3,1,7.90,13,9.878,30.676
941,587,10,1,7.90,13,9.878,30.676
941,160,5,1,7.90,13,9.878,30.676
941,254,7,1,7.90,13,9.878,30.676
941,720,8,1,7.90,13,9.878,30.676
941,584,6,1,7.90,13,9.878,30.676
941,730,6,1,7.90,13,9.878,30.676
941,760,10,1,7.90,13,9.878,30.676
941,848,8,1,7.90,13,9.878,30.676
941,815,8,1,7.90,13,9.878,30.676
941,189,3,1,7.90,13,9.878,30.676
941,747,10,1,7.90,13,9.878,30.676
941,337,8,1,7.90,13,9.878,30.676
941,587,10,1,7.90,13,9.878,30.676
941,860,13,1,7.90,13,9.878,30.676
941,69,5,1,7.90,13,9.878,30.676
941,545,7,1,7.90,13,9.878,30.676
941,816,12,1,7.90,13,9.878,30.676
943,215,7,1,7.95,16,9.881,30.708
943,535,6,1,7.95,16,9.881,30.708
943,405,9,1,7.95,16,9.881,30.708
943,883,10,1,7.95,16,9.881,30.708
943,440,6,1,7.95,16,9.881,30.708
943,366,8,1,7.95,16,9.881,30.708
943,641,6,1,7.95,16,9.881,30.708
943,509,6,1,7.95,16,9.881,30.708
943,942,16,1,7.95,16,9.881,30.708
943,475,3,1,7.95,16,9.881,30.708
943,931,12,1,7.95,16,9.881,30.708
943,785,13,1,7.95,16,9.881,30.708
943,819,10,1,7.95,16,9.881,30.708
943,64,4,1,7.95,16,9.881,30.708
943,583,9,1,7.95,16,9.881,30.708
943,312,9,1,7.95,16,9.881,30.708
943,153,7,1,7.95,16,9.881,30.708
943,522,9,1,7.95,16,9.881,30.708
943,27,2,1,7.95,16,9.881,30.708
943,456,7,1,7.95,16,9.881,30.708
944,27,1,0.05,1.00,1,9.883,30.725
947,690,7,1,6.25,11,9.887,30.773
947,195,4,1,6.25,11,9.887,30.773
947,419,9,1,6.25,11,9.887,30.773
947,675,9,1,6.25,11,9.887,30.773
947,757,10,1,6.25,11,9.887,30.773
947,634,5,1,6.25,11,9.887,30.773
947,123,5,1,6.25,11,9.887,30.773
947,933,11,1,6.25,11,9.887,30.773
947,336,5,1,6.25,11,9.887,30.773
947,254,4,1,6.25,11,9.887,30.773
947,727,8,1,6.25,11,9.887,30.773
947,71,5,1,6.25,11,9.887,30.773
947,655,7,1,6.25,11,9.887,30.773
947,112,5,1,6.25,11,9.887,30.773
947,229,6,1,6.25,11,9.887,30.773
947,719,6,1,6.25,11,9.887,30.773
947,129,4,1,6.25,11,9.887,30.773
947,83,5,1,6.25,11,9.887,30.773
947,482,4,1,6.25,11,9.887,30.773
947,177,6,1,6.25,11,9.887,30.773
949,142,10,0.85,7.53,11,9.890,30.806
949,813,9,0.85,7.53,11,9.890,30.806
949,10,1,0.85,7.53,11,9.890,30.806
949,415,7,0.85,7.53,11,9.890,30.806
949,745,8,0.85,7.53,11,9.890,30.806
949,336,7,0.85,7.53,11,9.890,30.806
949,926,8,0.85,7.53,11,9.890,30.806
949,828,8,0.85,7.53,11,9.890,30.806
949,340,11,0.85,7.53,11,9.890,30.806
949,395,9,0.85,7.53,11,9.890,30.806
949,21,4,0.85,7.53,11,9.890,30.806
949,829,10,0.85,7.53,11,9.890,30.806
949,393,6,0.85,7.53,11,9.890,30.806
949,599,4,0.85,7.53,11,9.890,30.806
949,600,11,0.85,7.53,11,9.890,30.806
949,525,8,0.85,7.53,11,9.890,30.806
949,63,7,0.85,7.53,11,9.890,30.806
951,545,4,0.15,4.33,5,9.893,30.838
951,763,5,0.15,4.33,5,9.893,30.838
951,211,4,0.15,4.33,5,9.893,30.838
953,162,5,1,6.60,15,9.896,30.871
953,296,7,1,6.60,15,9.896,30.871
953,652,8,1,6.60,15,9.896,30.871
953,429,8,1,6.60,15,9.896,30.871
953,483,3,1,6.60,15,9.896,30.871
953,900,10,1,6.60,15,9.896,30.871
953,325,5,1,6.60,15,9.896,30.871
953,486,5,1,6.60,15,9.896,30.871
953,331,4,1,6.60,15,9.896,30.871
953,196,6,1,6.60,15,9.896,30.871
953,428,5,1,6.60,15,9.896,30.871
953,951,15,1,6.60,15,9.896,30.871
953,281,6,1,6.60,15,9.896,30.871
953,600,8,1,6.60,15,9.896,30.871
953,173,10,1,6.60,15,9.896,30.871
953,551,5,1,6.60,15,9.896,30.871
953,516,4,1,6.60,15,9.896,30.871
953,480,3,1,6.60,15,9.896,30.871
953,242,4,1,6.60,15,9.896,30.871
953,893,11,1,6.60,15,9.896,30.871
955,551,5,0.3,6.17,9,9.899,30.903
955,547,7,0.3,6.17,9,9.899,30.903
955,937,9,0.3,6.17,9,9.899,30.903
955,188,6,0.3,6.17,9,9.899,30.903
955,639,5,0.3,6.17,9,9.899,30.903
955,366,5,0.3,6.17,9,9.899,30.903
959,657,6,0.4,5.38,11,9.905,30.968
959,45,3,0.4,5.38,11,9.905,30.968
959,327,4,0.4,5.38,11,9.905,30.968
959,943,11,0.4,5.38,11,9.905,30.968
959,127,3,0.4,5.38,11,9.905,30.968
959,116,5,0.4,5.38,11,9.905,30.968
959,863,8,0.4,5.38,11,9.905,30.968
959,328,3,0.4,5.38,11,9.905,30.968
961,94,9,0.95,8.74,15,9.908,31.000
961,830,12,0.95,8.74,15,9.908,31.000
961,182,12,0.95,8.74,15,9.908,31.000
961,557,10,0.95,8.74,15,9.908,31.000
961,24,6,0.95,8.74,15,9.908,31.000
961,764,11,0.95,8.74,15,9.908,31.000
961,644,10,0.95,8.74,15,9.908,31.000
961,272,10,0.95,8.74,15,9.908,31.000
961,33,8,0.95,8.74,15,9.908,31.000
961,890,15,0.95,8.74,15,9.908,31.000
961,614,4,0.95,8.74,15,9.908,31.000
961,926,11,0.95,8.74,15,9.908,31.000
961,118,10,0.95,8.74,15,9.908,31.000
961,596,5,0.95,8.74,15,9.908,31.000
961,350,9,0.95,8.74,15,9.908,31.000
961,325,6,0.95,8.74,15,9.908,31.000
961,167,7,0.95,8.74,15,9.908,31.000
961,514,8,0.95,8.74,15,9.908,31.000
961,112,3,0.95,8.74,15,9.908,31.000
965,656,4,0.55,3.91,7,9.914,31.064
965,88,2,0.55,3.91,7,9.914,31.064
965,317,4,0.55,3.91,7,9.914,31.064
965,181,3,0.55,3.91,7,9.914,31.064
965,111,3,0.55,3.91,7,9.914,31.064
965,573,4,0.55,3.91,7,9.914,31.064
965,701,7,0.55,3.91,7,9.914,31.064
965,83,4,0.55,3.91,7,9.914,31.064
965,248,3,0.55,3.91,7,9.914,31.064
965,414,5,0.55,3.91,7,9.914,31.064
965,132,4,0.55,3.91,7,9.914,31.064
967,719,8,1,6.55,13,9.917,31.097
967,670,6,1,6.55,13,9.917,31.097
967,784,8,1,6.55,13,9.917,31.097
967,4,1,1,6.55,13,9.917,31.097
967,219,4,1,6.55,13,9.917,31.097
967,41,3,1,6.55,13,9.917,31.097
967,876,11,1,6.55,13,9.917,31.097
967,173,6,1,6.55,13,9.917,31.097
967,736,4,1,6.55,13,9.917,31.097
967,915,10,1,6.55,13,9.917,31.097
967,523,8,1,6.55,13,9.917,31.097
967,108,4,1,6.55,13,9.917,31.097
967,550,5,1,6.55,13,9.917,31.097
967,875,13,1,6.55,13,9.917,31.097
967,181,7,1,6.55,13,9.917,31.097
967,60,6,1,6.55,13,9.917,31.097
967,854,7,1,6.55,13,9.917,31.097
967,176,6,1,6.55,13,9.917,31.097
967,860,7,1,6.55,13,9.917,31.097
967,434,7,1,6.55,13,9.917,31.097
968,51,1,0.05,1.00,1,9.919,31.113
971,361,5,1,5.95,13,9.923,31.161
971,938,13,1,5.95,13,9.923,31.161
971,861,9,1,5.95,13,9.923,31.161
971,287,8,1,5.95,13,9.923,31.161
971,569,7,1,5.95,13,9.923,31.161
971,117,4,1,5.95,13,9.923,31.161
971,777,4,1,5.95,13,9.923,31.161
971,235,4,1,5.95,13,9.923,31.161
971,49,2,1,5.95,13,9.923,31.161
971,952,13,1,5.95,13,9.923,31.161
971,6,1,1,5.95,13,9.923,31.161
971,66,5,1,5.95,13,9.923,31.161
971,45,5,1,5.95,13,9.923,31.161
971,408,5,1,5.95,13,9.923,31.161
971,639,9,1,5.95,13,9.923,31.161
971,211,5,1,5.95,13,9.923,31.161
971,577,8,1,5.95,13,9.923,31.161
971,51,3,1,5.95,13,9.923,31.161
971,227,4,1,5.95,13,9.923,31.161
971,585,5,1,5.95,13,9.923,31.161
972,139,1,0.05,1.00,1,9.925,31.177
973,545,8,0.5,7.00,10,9.926,31.193
973,885,10,0.5,7.00,10,9.926,31.193
973,657,7,0.5,7.00,10,9.926,31.193
973,295,6,0.5,7.00,10,9.926,31.193
973,208,6,0.5,7.00,10,9.926,31.193
973,801,7,0.5,7.00,10,9.926,31.193
973,624,7,0.5,7.00,10,9.926,31.193
973,703,5,0.5,7.00,10,9.926,31.193
973,453,9,0.5,7.00,10,9.926,31.193
973,892,5,0.5,7.00,10,9.926,31.193
975,284,5,0.2,4.75,8,9.929,31.225
975,916,8,0.2,4.75,8,9.929,31.225
975,58,3,0.2,4.75,8,9.929,31.225
975,133,3,0.2,4.75,8,9.929,31.225
977,468,11,1,7.25,12,9.932,31.257
977,348,4,1,7.25,12,9.932,31.257
977,36,6,1,7.25,12,9.932,31.257
977,646,11,1,7.25,12,9.932,31.257
977,313,5,1,7.25,12,9.932,31.257
977,953,11,1,7.25,12,9.932,31.257
977,513,3,1,7.25,12,9.932,31.257
977,102,5,1,7.25,12,9.932,31.257
977,184,8,1,7.25,12,9.932,31.257
977,177,6,1,7.25,12,9.932,31.257
977,231,6,1,7.25,12,9.932,31.257
977,123,3,1,7.25,12,9.932,31.257
977,827,9,1,7.25,12,9.932,31.257
977,57,3,1,7.25,12,9.932,31.257
977,929,10,1,7.25,12,9.932,31.257
977,812,9,1,7.25,12,9.932,31.257
977,791,12,1,7.25,12,9.932,31.257
977,65,7,1,7.25,12,9.932,31.257
977,216,7,1,7.25,12,9.932,31.257
977,845,9,1,7.25,12,9.932,31.257
979,446,3,0.85,4.94,12,9.935,31.289
979,58,2,0.85,4.94,12,9.935,31.289
979,493,2,0.85,4.94,12,9.935,31.289
979,419,6,0.85,4.94,12,9.935,31.289
979,793,4,0.85,4.94,12,9.935,31.289
979,578,5,0.85,4.94,12,9.935,31.289
979,304,6,0.85,4.94,12,9.935,31.289
979,598,9,0.85,4.94,12,9.935,31.289
979,894,12,0.85,4.94,12,9.935,31.289
979,656,3,0.85,4.94,12,9.935,31.289
979,665,7,0.85,4.94,12,9.935,31.289
979,749,5,0.85,4.94,12,9.935,31.289
979,736,3,0.85,4.94,12,9.935,31.289
979,446,3,0.85,4.94,12,9.935,31.289
979,786,6,0.85,4.94,12,9.935,31.289
979,563,6,0.85,4.94,12,9.935,31.289
979,37,2,0.85,4.94,12,9.935,31.289
983,429,11,1,7.10,21,9.941,31.353
983,39,5,1,7.10,21,9.941,31.353
983,605,9,1,7.10,21,9.941,31.353
983,121,6,1,7.10,21,9.941,31.353
983,150,5,1,7.10,21,9.941,31.353
983,872,8,1,7.10,21,9.941,31.353
983,714,9,1,7.10,21,9.941,31.353
983,95,5,1,7.10,21,9.941,31.353
983,459,4,1,7.10,21,9.941,31.353
983,199,2,1,7.10,21,9.941,31.353
983,363,6,1,7.10,21,9.941,31.353
983,54,3,1,7.10,21,9.941,31.353
983,805,9,1,7.10,21,9.941,31.353
983,263,5,1,7.10,21,9.941,31.353
983,56,4,1,7.10,21,9.941,31.353
983,454,8,1,7.10,21,9.941,31.353
983,39,5,1,7.10,21,9.941,31.353
983,793,10,1,7.10,21,9.941,31.353
983,981,21,1,7.10,21,9.941,31.353
983,847,7,1,7.10,21,9.941,31.353
985,124,3,0.25,4.60,7,9.944,31.385
985,162,3,0.25,4.60,7,9.944,31.385
985,539,5,0.25,4.60,7,9.944,31.385
985,24,5,0.25,4.60,7,9.944,31.385
985,152,7,0.25,4.60,7,9.944,31.385
987,253,3,0.1,2.00,3,9.947,31.417
987,52,1,0.1,2.00,3,9.947,31.417
989,541,5,0.9,6.11,10,9.950,31.448
989,931,8,0.9,6.11,10,9.950,31.448
989,264,4,0.9,6.11,10,9.950,31.448
989,984,10,0.9,6.11,10,9.950,31.448
989,143,4,0.9,6.11,10,9.950,31.448
989,380,5,0.9,6.11,10,9.950,31.448
989,574,4,0.9,6.11,10,9.950,31.448
989,586,7,0.9,6.11,10,9.950,31.448
989,88,4,0.9,6.11,10,9.950,31.448
989,882,9,0.9,6.11,10,9.950,31.448
989,889,8,0.9,6.11,10,9.950,31.448
989,630,6,0.9,6.11,10,9.950,31.448
989,324,8,0.9,6.11,10,9.950,31.448
989,323,6,0.9,6.11,10,9.950,31.448
989,939,9,0.9,6.11,10,9.950,31.448
989,13,4,0.9,6.11,10,9.950,31.448
989,687,5,0.9,6.11,10,9.950,31.448
989,312,4,0.9,6.11,10,9.950,31.448
991,397,4,1,6.90,15,9.953,31.480
991,761,5,1,6.90,15,9.953,31.480
991,579,6,1,6.90,15,9.953,31.480
991,654,5,1,6.90,15,9.953,31.480
991,138,9,1,6.90,15,9.953,31.480
991,418,9,1,6.90,15,9.953,31.480
991,403,7,1,6.90,15,9.953,31.480
991,166,3,1,6.90,15,9.953,31.480
991,44,6,1,6.90,15,9.953,31.480
991,186,4,1,6.90,15,9.953,31.480
991,842,15,1,6.90,15,9.953,31.480
991,829,10,1,6.90,15,9.953,31.480
991,622,7,1,6.90,15,9.953,31.480
991,367,8,1,6.90,15,9.953,31.480
991,511,2,1,6.90,15,9.953,31.480
991,882,13,1,6.90,15,9.953,31.480
991,903,11,1,6.90,15,9.953,31.480
991,270,6,1,6.90,15,9.953,31.480
991,76,3,1,6.90,15,9.953,31.480
991,544,5,1,6.90,15,9.953,31.480
993,77,3,0.25,4.60,6,9.956,31.512
993,280,5,0.25,4.60,6,9.956,31.512
993,764,5,0.25,4.60,6,9.956,31.512
993,634,6,0.25,4.60,6,9.956,31.512
993,217,4,0.25,4.60,6,9.956,31.512
995,656,7,0.3,4.83,8,9.959,31.544
995,24,3,0.3,4.83,8,9.959,31.544
995,54,5,0.3,4.83,8,9.959,31.544
995,362,3,0.3,4.83,8,9.959,31.544
995,24,3,0.3,4.83,8,9.959,31.544
995,943,8,0.3,4.83,8,9.959,31.544
997,400,7,1,9.30,16,9.961,31.575
997,771,9,1,9.30,16,9.961,31.575
997,812,10,1,9.30,16,9.961,31.575
997,701,10,1,9.30,16,9.961,31.575
997,774,7,1,9.30,16,9.961,31.575
997,329,11,1,9.30,16,9.961,31.575
997,830,13,1,9.30,16,9.961,31.575
997,983,11,1,9.30,16,9.961,31.575
997,948,11,1,9.30,16,9.961,31.575
997,605,8,1,9.30,16,9.961,31.575
997,767,6,1,9.30,16,9.961,31.575
997,180,11,1,9.30,16,9.961,31.575
997,501,4,1,9.30,16,9.961,31.575
997,677,9,1,9.30,16,9.961,31.575
997,664,16,1,9.30,16,9.961,31.575
997,495,11,1,9.30,16,9.961,31.575
997,207,8,1,9.30,16,9.961,31.575
997,534,8,1,9.30,16,9.961,31.575
997,678,10,1,9.30,16,9.961,31.575
997,459,6,1,9.30,16,9.961,31.575
998,121,3,0.05,3.00,3,9.963,31.591
999,77,2,0.05,2.00,2,9.964,31.607
